Date,P/E,P/B,Div Yield
2011-01-31,16.84,2.36,1.25
2011-02-01,16.5,2.31,1.27
2011-02-02,16.71,2.34,1.26
2011-02-03,17.0,2.38,1.23
2011-02-04,16.63,2.33,1.26
2011-02-07,16.74,2.35,1.25
2011-02-08,16.43,2.3,1.28
2011-02-09,16.29,2.28,1.29
2011-02-10,16.15,2.26,1.3
2011-02-11,16.33,2.29,1.29
2011-02-14,16.48,2.32,1.27
2011-02-15,16.81,2.36,1.25
2011-02-16,16.82,2.36,1.24
2011-02-17,16.88,2.37,1.24
2011-02-18,16.53,2.32,1.27
2011-02-21,16.77,2.36,1.25
2011-02-22,16.96,2.38,1.23
2011-02-23,17.01,2.39,1.23
2011-02-24,16.59,2.33,1.26
2011-02-25,16.56,2.33,1.26
2011-02-28,16.6,2.33,1.26
2011-03-01,17.04,2.39,1.23
2011-03-03,16.95,2.38,1.24
2011-03-04,17.05,2.4,1.23
2011-03-07,16.95,2.38,1.24
2011-03-08,17.06,2.4,1.23
2011-03-09,17.09,2.4,1.23
2011-03-10,17.0,2.39,1.23
2011-03-11,17.09,2.4,1.23
2011-03-14,17.49,2.46,1.2
2011-03-15,17.48,2.46,1.2
2011-03-16,17.64,2.48,1.19
2011-03-17,17.47,2.46,1.2
2011-03-18,17.06,2.4,1.23
2011-03-21,17.03,2.39,1.23
2011-03-22,17.17,2.41,1.22
2011-03-23,17.37,2.44,1.21
2011-03-24,17.35,2.44,1.21
2011-03-25,17.62,2.48,1.19
2011-03-28,17.64,2.48,1.19
2011-03-29,17.73,2.49,1.18
2011-03-30,17.84,2.51,1.17
2011-03-31,18.13,2.55,1.15
2011-04-01,18.02,2.53,1.16
2011-04-04,18.22,2.56,1.15
2011-04-05,18.15,2.55,1.15
2011-04-06,18.16,2.55,1.15
2011-04-07,18.06,2.54,1.16
2011-04-08,17.82,2.5,1.17
2011-04-11,17.53,2.46,1.19
2011-04-13,17.8,2.5,1.18
2011-04-15,17.71,2.49,1.18
2011-04-18,17.56,2.47,1.19
2011-04-19,17.64,2.48,1.19
2011-04-20,17.9,2.52,1.17
2011-04-21,18.1,2.54,1.16
2011-04-25,17.5,2.5,1.18
2011-04-26,17.43,2.5,1.18
2011-04-27,17.33,2.48,1.19
2011-04-28,17.22,2.47,1.19
2011-04-29,17.26,2.47,1.19
2011-05-02,17.07,2.44,1.2
2011-05-03,16.71,2.39,1.23
2011-05-04,16.87,2.41,1.22
2011-05-05,16.75,2.4,1.23
2011-05-06,16.77,2.4,1.23
2011-05-09,16.82,2.41,1.22
2011-05-10,16.79,2.4,1.22
2011-05-11,16.67,2.4,1.23
2011-05-12,16.55,2.38,1.23
2011-05-13,16.6,2.39,1.23
2011-05-16,16.35,2.38,1.25
2011-05-17,15.92,2.31,1.28
2011-05-18,15.68,2.28,1.3
2011-05-19,15.78,2.29,1.29
2011-05-20,15.87,2.31,1.29
2011-05-23,15.64,2.27,1.3
2011-05-24,15.69,2.28,1.3
2011-05-25,15.48,2.25,1.32
2011-05-26,15.87,2.31,1.28
2011-05-27,16.07,2.34,1.27
2011-05-30,15.99,2.33,1.27
2011-05-31,16.39,2.36,1.26
2011-06-01,16.42,2.36,1.26
2011-06-02,16.42,2.36,1.26
2011-06-03,16.25,2.34,1.27
2011-06-06,16.22,2.33,1.27
2011-06-07,16.4,2.36,1.26
2011-06-08,16.32,2.35,1.26
2011-06-09,16.33,2.35,1.26
2011-06-10,16.23,2.34,1.27
2011-06-13,16.14,2.32,1.28
2011-06-14,16.06,2.31,1.28
2011-06-15,15.88,2.29,1.3
2011-06-16,15.75,2.27,1.31
2011-06-17,15.58,2.24,1.32
2011-06-20,15.06,2.17,1.37
2011-06-21,15.19,2.19,1.36
2011-06-22,15.23,2.19,1.35
2011-06-23,15.5,2.23,1.33
2011-06-24,15.71,2.26,1.31
2011-06-27,15.9,2.29,1.3
2011-06-28,15.86,2.28,1.3
2011-06-29,15.94,2.29,1.29
2011-06-30,16.07,2.31,1.28
2011-07-01,15.81,2.28,1.3
2011-07-04,15.9,2.29,1.3
2011-07-05,15.67,2.25,1.32
2011-07-06,15.68,2.26,1.32
2011-07-07,15.96,2.3,1.29
2011-07-08,15.81,2.28,1.3
2011-07-11,15.79,2.27,1.31
2011-07-12,15.7,2.26,1.31
2011-07-13,15.95,2.3,1.29
2011-07-14,15.9,2.29,1.3
2011-07-15,15.89,2.29,1.3
2011-07-18,15.85,2.28,1.3
2011-07-19,16.01,2.3,1.29
2011-07-20,15.9,2.29,1.3
2011-07-21,15.74,2.27,1.31
2011-07-22,15.94,2.29,1.29
2011-07-25,16.04,2.31,1.28
2011-07-26,15.48,2.28,1.3
2011-07-27,15.35,2.26,1.31
2011-07-28,15.05,2.22,1.33
2011-07-29,14.84,2.2,1.35
2011-08-01,14.94,2.21,1.34
2011-08-02,15.02,2.23,1.33
2011-08-03,14.92,2.21,1.34
2011-08-04,14.77,2.19,1.36
2011-08-05,14.47,2.14,1.38
2011-08-08,14.33,2.13,1.4
2011-08-09,14.12,2.09,1.42
2011-08-10,14.18,2.1,1.41
2011-08-11,14.13,2.1,1.42
2011-08-12,14.03,2.08,1.43
2011-08-16,13.92,2.06,1.44
2011-08-17,14.14,2.06,1.44
2011-08-18,13.96,1.93,1.52
2011-08-19,13.85,1.91,1.53
2011-08-22,14.17,1.95,1.5
2011-08-23,14.13,1.95,1.5
2011-08-24,14.04,1.94,1.51
2011-08-25,13.97,1.93,1.52
2011-08-26,13.52,1.87,1.57
2011-08-29,13.95,1.92,1.52
2011-08-30,14.12,1.95,1.5
2011-09-02,14.32,1.98,1.48
2011-09-05,14.06,1.94,1.51
2011-09-06,14.36,1.98,1.48
2011-09-07,14.57,2.01,1.45
2011-09-08,14.71,2.03,1.44
2011-09-09,14.39,1.99,1.47
2011-09-12,14.14,1.95,1.5
2011-09-13,14.18,1.96,1.49
2011-09-14,14.35,1.98,1.48
2011-09-15,14.52,2.0,1.46
2011-09-16,14.58,2.01,1.45
2011-09-19,14.49,2.0,1.46
2011-09-20,14.79,2.04,1.43
2011-09-21,14.64,2.02,1.45
2011-09-22,14.02,1.93,1.51
2011-09-23,13.89,1.92,1.52
2011-09-26,13.67,1.89,1.55
2011-09-27,14.14,1.95,1.5
2011-09-28,14.19,1.96,1.49
2011-09-29,14.34,1.98,1.48
2011-09-30,14.25,1.97,1.49
2011-10-03,14.08,1.94,1.5
2011-10-04,13.86,1.91,1.53
2011-10-05,13.82,1.91,1.53
2011-10-07,14.2,1.96,1.49
2011-10-10,14.61,2.02,1.45
2011-10-11,14.58,2.01,1.45
2011-10-12,14.81,2.04,1.43
2011-10-13,14.68,2.02,1.44
2011-10-14,14.88,2.05,1.42
2011-10-17,14.55,2.01,1.46
2011-10-18,14.1,1.99,1.47
2011-10-19,14.41,2.03,1.44
2011-10-20,14.3,2.01,1.45
2011-10-21,14.23,2.0,1.46
2011-10-24,14.45,2.04,1.43
2011-10-25,14.75,2.09,1.4
2011-10-26,14.74,2.09,1.4
2011-10-28,15.04,2.13,1.37
2011-10-31,14.75,2.09,1.4
2011-11-01,16.18,2.07,1.41
2011-11-02,16.3,2.09,1.4
2011-11-03,16.51,2.11,1.38
2011-11-04,16.43,2.1,1.39
2011-11-08,16.02,2.11,1.39
2011-11-09,15.68,2.07,1.41
2011-11-11,16.99,2.08,1.4
2011-11-14,16.84,2.06,1.39
2011-11-15,16.55,2.02,1.41
2011-11-16,16.37,2.0,1.43
2011-11-17,15.84,1.94,1.47
2011-11-18,15.83,1.93,1.47
2011-11-21,15.4,1.88,1.52
2011-11-22,15.46,1.89,1.51
2011-11-23,15.11,1.85,1.54
2011-11-24,15.25,1.87,1.53
2011-11-25,15.02,1.84,1.55
2011-11-28,15.49,1.9,1.5
2011-11-29,15.22,1.86,1.53
2011-11-30,15.48,1.89,1.5
2011-12-01,15.76,1.92,1.48
2011-12-02,16.08,1.96,1.45
2011-12-05,16.06,1.96,1.45
2011-12-07,16.08,1.96,1.45
2011-12-08,15.62,1.9,1.49
2011-12-09,15.3,1.87,1.52
2011-12-12,14.86,1.81,1.57
2011-12-13,15.06,1.84,1.54
2011-12-14,14.88,1.81,1.56
2011-12-15,15.02,1.83,1.55
2011-12-16,14.66,1.79,1.59
2011-12-19,14.76,1.8,1.58
2011-12-20,14.47,1.76,1.61
2011-12-21,15.05,1.83,1.55
2011-12-22,15.22,1.86,1.53
2011-12-23,15.06,1.84,1.55
2011-12-26,15.24,1.86,1.53
2011-12-27,15.13,1.84,1.54
2011-12-28,15.0,1.83,1.55
2011-12-29,14.59,1.78,1.59
2011-12-30,14.41,1.76,1.62
2012-01-02,14.55,1.77,1.6
2012-01-03,14.88,1.79,1.59
2012-01-04,14.82,1.79,1.59
2012-01-05,14.59,1.75,1.62
2012-01-06,14.71,1.77,1.61
2012-01-07,14.7,1.77,1.61
2012-01-09,14.63,1.76,1.62
2012-01-10,15.02,1.8,1.57
2012-01-11,15.13,1.82,1.56
2012-01-12,15.04,1.81,1.57
2012-01-13,15.08,1.81,1.57
2012-01-16,14.82,1.78,1.6
2012-01-17,15.24,1.82,1.55
2012-01-18,15.63,1.87,1.51
2012-01-19,15.87,1.89,1.49
2012-01-20,16.03,1.91,1.47
2012-01-23,15.81,1.89,1.5
2012-01-24,16.27,1.91,1.48
2012-01-25,16.29,1.88,1.5
2012-01-27,16.68,1.93,1.47
2012-01-30,16.3,1.89,1.5
2012-01-31,16.59,1.92,1.47
2012-02-01,16.74,1.94,1.46
2012-02-02,16.85,1.95,1.45
2012-02-03,17.07,1.97,1.44
2012-02-06,17.03,1.97,1.44
2012-02-07,17.11,1.98,1.43
2012-02-08,17.32,2.0,1.41
2012-02-09,17.37,2.01,1.41
2012-02-10,16.18,1.99,1.42
2012-02-13,16.03,1.99,1.42
2012-02-14,15.9,1.99,1.42
2012-02-15,15.96,1.99,1.42
2012-02-16,15.8,1.97,1.43
2012-02-17,15.92,1.99,1.42
2012-02-21,16.2,2.02,1.4
2012-02-22,16.01,2.0,1.41
2012-02-23,16.11,2.01,1.41
2012-02-24,15.89,1.99,1.42
2012-02-27,15.38,1.92,1.47
2012-02-28,15.57,1.95,1.45
2012-02-29,15.94,1.99,1.42
2012-03-01,15.79,1.97,1.43
2012-03-02,15.76,2.01,1.44
2012-03-03,15.79,2.01,1.43
2012-03-05,15.57,1.98,1.45
2012-03-06,15.27,1.95,1.48
2012-03-07,15.05,1.92,1.5
2012-03-09,15.26,1.95,1.48
2012-03-12,15.19,1.99,1.53
2012-03-13,15.54,2.03,1.5
2012-03-14,15.61,2.04,1.49
2012-03-15,15.35,2.01,1.52
2012-03-16,14.84,1.94,1.57
2012-03-19,14.65,1.92,1.59
2012-03-20,14.73,1.93,1.58
2012-03-21,14.85,1.94,1.57
2012-03-22,14.39,1.88,1.62
2012-03-23,14.49,1.89,1.61
2012-03-26,14.17,1.85,1.64
2012-03-27,14.22,1.86,1.64
2012-03-28,14.05,1.84,1.66
2012-03-29,14.08,1.84,1.65
2012-03-30,14.48,1.89,1.61
2012-04-02,14.45,1.89,1.61
2012-04-03,14.67,1.92,1.59
2012-04-04,14.6,1.91,1.59
2012-04-09,14.38,1.88,1.62
2012-04-10,14.37,1.88,1.62
2012-04-11,14.25,1.86,1.63
2012-04-12,14.35,1.88,1.62
2012-04-13,14.42,1.89,1.61
2012-04-16,14.37,1.88,1.62
2012-04-17,14.52,1.9,1.6
2012-04-18,14.62,1.91,1.59
2012-04-19,14.56,1.9,1.6
2012-04-20,14.37,1.88,1.62
2012-04-23,14.31,1.87,1.63
2012-04-24,14.33,1.87,1.62
2012-04-25,14.26,1.86,1.63
2012-04-26,14.19,1.86,1.64
2012-04-27,14.18,1.85,1.64
2012-04-28,14.2,1.86,1.64
2012-04-30,14.37,1.88,1.62
2012-05-02,14.25,1.86,1.63
2012-05-03,14.13,1.85,1.65
2012-05-04,13.88,1.82,1.68
2012-05-07,13.84,1.81,1.68
2012-05-08,13.7,1.79,1.7
2012-05-09,13.49,1.76,1.72
2012-05-10,13.52,1.77,1.72
2012-05-11,13.42,1.76,1.73
2012-05-14,13.68,1.73,1.76
2012-05-15,13.69,1.73,1.76
2012-05-16,13.61,1.72,1.77
2012-05-17,13.67,1.73,1.76
2012-05-18,13.75,1.74,1.75
2012-05-21,13.84,1.75,1.74
2012-05-22,13.7,1.73,1.75
2012-05-23,13.65,1.73,1.76
2012-05-24,13.88,1.76,1.73
2012-05-25,13.87,1.76,1.73
2012-05-28,13.98,1.77,1.72
2012-05-29,14.02,1.77,1.71
2012-05-30,13.98,1.77,1.72
2012-05-31,14.0,1.77,1.72
2012-06-01,13.68,1.73,1.76
2012-06-04,13.29,1.74,1.75
2012-06-05,13.41,1.66,1.76
2012-06-06,13.12,1.7,1.72
2012-06-07,13.35,1.71,1.71
2012-06-08,12.7,1.71,1.7
2012-06-11,12.63,1.71,1.71
2012-06-12,12.73,1.72,1.7
2012-06-13,12.7,1.71,1.7
2012-06-14,12.61,1.7,1.71
2012-06-15,12.72,1.72,1.7
2012-06-18,12.61,1.7,1.72
2012-06-19,12.83,1.73,1.69
2012-06-20,12.91,1.74,1.68
2012-06-21,12.82,1.73,1.69
2012-06-22,12.81,1.73,1.69
2012-06-25,12.77,1.72,1.69
2012-06-26,12.93,1.75,1.67
2012-06-27,12.95,1.75,1.67
2012-06-28,12.93,1.75,1.67
2012-06-29,13.2,1.78,1.64
2012-07-02,13.23,1.79,1.63
2012-07-03,13.28,1.79,1.63
2012-07-04,13.24,1.79,1.63
2012-07-05,13.24,1.79,1.63
2012-07-06,13.18,1.78,1.64
2012-07-09,13.07,1.76,1.66
2012-07-10,13.18,1.78,1.64
2012-07-11,13.05,1.76,1.66
2012-07-12,13.06,1.76,1.66
2012-07-13,13.04,1.76,1.66
2012-07-16,13.04,1.76,1.66
2012-07-17,12.98,1.75,1.67
2012-07-18,12.96,1.75,1.67
2012-07-19,13.12,1.77,1.65
2012-07-20,13.02,1.76,1.66
2012-07-23,13.27,1.74,1.68
2012-07-24,13.34,1.75,1.67
2012-07-25,13.25,1.74,1.68
2012-07-26,13.02,1.71,1.71
2012-07-27,13.16,1.73,1.69
2012-07-30,13.35,1.76,1.66
2012-07-31,13.51,1.78,1.64
2012-08-01,13.51,1.78,1.64
2012-08-02,13.4,1.77,1.65
2012-08-03,13.48,1.78,1.64
2012-08-06,13.86,1.83,1.59
2012-08-07,13.88,1.83,1.59
2012-08-08,13.91,1.84,1.59
2012-08-09,13.81,1.82,1.6
2012-08-10,13.84,1.83,1.6
2012-08-13,14.05,1.84,1.58
2012-08-14,15.58,1.86,1.56
2012-08-16,15.69,1.88,1.55
2012-08-17,15.57,1.86,1.56
2012-08-21,15.69,1.88,1.55
2012-08-22,15.6,1.87,1.56
2012-08-23,15.45,1.85,1.57
2012-08-24,15.36,1.84,1.58
2012-08-27,15.41,1.84,1.58
2012-08-28,15.42,1.84,1.58
2012-08-29,15.26,1.83,1.59
2012-08-30,15.28,1.83,1.59
2012-08-31,15.05,1.8,1.61
2012-09-03,14.98,1.79,1.62
2012-09-04,15.18,1.82,1.6
2012-09-05,15.06,1.8,1.61
2012-09-06,15.07,1.8,1.61
2012-09-07,15.33,1.83,1.58
2012-09-08,15.37,1.84,1.58
2012-09-10,15.37,1.84,1.58
2012-09-11,15.35,1.84,1.58
2012-09-12,15.41,1.84,1.58
2012-09-13,15.46,1.85,1.57
2012-09-14,15.85,1.9,1.53
2012-09-17,16.15,1.93,1.5
2012-09-18,15.97,1.91,1.52
2012-09-20,15.74,1.88,1.54
2012-09-21,16.15,1.93,1.5
2012-09-24,15.92,1.9,1.53
2012-09-25,15.88,1.9,1.53
2012-09-26,15.91,1.9,1.53
2012-09-27,15.69,1.87,1.54
2012-09-28,15.9,1.9,1.51
2012-10-01,15.84,1.89,1.52
2012-10-03,15.96,1.9,1.51
2012-10-04,16.1,1.91,1.51
2012-10-05,16.17,1.92,1.51
2012-10-08,15.77,1.87,1.55
2012-10-09,15.71,1.86,1.55
2012-10-10,15.57,1.85,1.56
2012-10-11,15.69,1.86,1.55
2012-10-12,15.68,1.86,1.55
2012-10-15,15.74,1.86,1.55
2012-10-16,15.75,1.84,1.58
2012-10-17,15.73,1.84,1.58
2012-10-18,15.8,1.85,1.57
2012-10-19,15.64,1.83,1.59
2012-10-22,15.78,1.84,1.58
2012-10-23,15.69,1.82,1.56
2012-10-25,15.69,1.82,1.56
2012-10-26,15.45,1.8,1.57
2012-10-29,15.59,1.82,1.56
2012-10-30,15.45,1.8,1.57
2012-10-31,15.41,1.79,1.58
2012-11-01,15.31,1.79,1.58
2012-11-02,15.39,1.8,1.57
2012-11-05,15.35,1.76,1.64
2012-11-06,15.42,1.77,1.63
2012-11-07,15.38,1.77,1.63
2012-11-08,15.28,1.75,1.65
2012-11-09,13.42,1.73,1.67
2012-11-12,11.94,1.73,1.64
2012-11-13,11.97,1.74,1.64
2012-11-15,11.92,1.73,1.64
2012-11-16,11.83,1.72,1.66
2012-11-19,11.8,1.71,1.66
2012-11-20,11.73,1.7,1.67
2012-11-21,11.74,1.7,1.67
2012-11-22,11.7,1.7,1.67
2012-11-23,11.73,1.7,1.67
2012-11-26,11.72,1.7,1.67
2012-11-27,11.83,1.72,1.66
2012-11-29,11.99,1.74,1.64
2012-11-30,12.09,1.75,1.62
2012-12-03,12.13,1.76,1.62
2012-12-04,12.34,1.79,1.59
2012-12-05,12.39,1.8,1.58
2012-12-06,12.51,1.81,1.57
2012-12-07,12.43,1.8,1.58
2012-12-10,12.34,1.79,1.59
2012-12-11,12.21,1.77,1.61
2012-12-12,12.23,1.77,1.6
2012-12-13,12.23,1.77,1.6
2012-12-14,12.27,1.78,1.6
2012-12-17,12.23,1.77,1.6
2012-12-18,12.22,1.77,1.6
2012-12-19,12.34,1.79,1.59
2012-12-20,12.31,1.79,1.59
2012-12-21,12.13,1.76,1.62
2012-12-24,12.08,1.75,1.62
2012-12-26,12.19,1.77,1.61
2012-12-27,12.09,1.75,1.62
2012-12-28,12.35,1.79,1.59
2012-12-31,12.38,1.8,1.58
2013-01-01,12.39,1.8,1.58
2013-01-02,12.53,1.82,1.56
2013-01-03,12.67,1.84,1.55
2013-01-04,12.78,1.85,1.53
2013-01-07,12.77,1.85,1.54
2013-01-08,12.75,1.85,1.54
2013-01-09,12.79,1.85,1.53
2013-01-10,12.8,1.86,1.53
2013-01-11,12.61,1.83,1.56
2013-01-14,12.75,1.85,1.54
2013-01-15,12.81,1.86,1.53
2013-01-16,12.86,1.87,1.52
2013-01-17,13.2,1.91,1.49
2013-01-18,13.59,1.97,1.44
2013-01-21,13.42,1.99,1.43
2013-01-22,13.1,1.98,1.43
2013-01-23,13.06,1.97,1.44
2013-01-24,12.89,1.95,1.45
2013-01-25,12.91,1.96,1.45
2013-01-28,12.75,1.94,1.47
2013-01-29,12.61,1.92,1.48
2013-01-30,12.7,1.93,1.47
2013-01-31,12.63,1.92,1.48
2013-02-01,12.66,1.92,1.48
2013-02-04,12.52,1.9,1.49
2013-02-05,12.42,1.89,1.51
2013-02-06,12.4,1.88,1.51
2013-02-07,12.3,1.87,1.52
2013-02-08,12.16,1.85,1.54
2013-02-11,12.2,1.85,1.53
2013-02-12,12.46,1.87,1.51
2013-02-13,12.48,1.87,1.52
2013-02-14,12.29,1.84,1.54
2013-02-15,12.12,1.83,1.55
2013-02-18,12.13,1.83,1.55
2013-02-19,12.51,1.84,1.54
2013-02-20,12.69,1.87,1.51
2013-02-21,12.51,1.84,1.53
2013-02-22,12.56,1.85,1.53
2013-02-25,12.47,1.84,1.54
2013-02-26,12.14,1.79,1.58
2013-02-27,12.26,1.81,1.57
2013-02-28,12.01,1.77,1.6
2013-03-01,12.04,1.77,1.59
2013-03-04,12.02,1.77,1.6
2013-03-05,12.19,1.8,1.57
2013-03-06,12.27,1.81,1.57
2013-03-07,12.28,1.81,1.56
2013-03-08,12.5,1.84,1.54
2013-03-11,12.44,1.83,1.58
2013-03-12,12.39,1.83,1.59
2013-03-13,12.28,1.81,1.6
2013-03-14,12.42,1.83,1.58
2013-03-15,12.29,1.81,1.6
2013-03-18,12.17,1.79,1.62
2013-03-19,12.0,1.77,1.64
2013-03-20,11.84,1.74,1.66
2013-03-21,11.66,1.72,1.69
2013-03-22,11.64,1.72,1.69
2013-03-25,11.71,1.73,1.68
2013-03-26,11.51,1.7,1.71
2013-03-28,11.54,1.7,1.7
2013-04-01,11.61,1.71,1.69
2013-04-02,11.8,1.74,1.67
2013-04-03,11.64,1.72,1.69
2013-04-04,11.52,1.7,1.71
2013-04-05,11.63,1.71,1.69
2013-04-08,11.7,1.72,1.68
2013-04-09,11.53,1.7,1.71
2013-04-10,11.57,1.7,1.7
2013-04-11,11.5,1.7,1.71
2013-04-12,11.58,1.71,1.7
2013-04-15,11.79,1.74,1.67
2013-04-16,12.03,1.77,1.63
2013-04-17,11.48,1.74,1.67
2013-04-18,11.62,1.76,1.65
2013-04-22,11.69,1.77,1.64
2013-04-23,11.75,1.78,1.63
2013-04-25,11.95,1.81,1.6
2013-04-26,11.55,1.78,1.63
2013-04-29,11.62,1.79,1.62
2013-04-30,11.59,1.79,1.62
2013-05-02,11.73,1.81,1.6
2013-05-03,11.6,1.79,1.62
2013-05-06,11.71,1.81,1.6
2013-05-07,11.78,1.82,1.6
2013-05-08,11.78,1.82,1.59
2013-05-09,11.72,1.81,1.6
2013-05-10,11.72,1.81,1.6
2013-05-11,11.74,1.81,1.6
2013-05-13,11.36,1.78,1.63
2013-05-14,11.4,1.79,1.62
2013-05-15,11.62,1.82,1.59
2013-05-16,11.77,1.85,1.57
2013-05-17,11.81,1.85,1.56
2013-05-20,11.7,1.83,1.58
2013-05-21,11.56,1.81,1.6
2013-05-22,11.46,1.8,1.61
2013-05-23,11.1,1.74,1.66
2013-05-24,11.14,1.75,1.66
2013-05-27,11.45,1.8,1.61
2013-05-28,11.63,1.82,1.59
2013-05-29,11.63,1.82,1.59
2013-05-30,11.58,1.82,1.6
2013-05-31,11.28,1.77,1.64
2013-06-03,11.06,1.73,1.67
2013-06-04,11.06,1.73,1.67
2013-06-05,11.24,1.76,1.64
2013-06-06,11.13,1.75,1.66
2013-06-07,10.99,1.73,1.68
2013-06-10,10.91,1.73,1.67
2013-06-11,10.74,1.71,1.7
2013-06-12,10.76,1.71,1.69
2013-06-13,11.02,1.7,1.7
2013-06-14,11.27,1.74,1.67
2013-06-17,11.54,1.75,1.66
2013-06-18,11.45,1.74,1.67
2013-06-19,11.5,1.74,1.66
2013-06-20,11.12,1.69,1.72
2013-06-21,11.16,1.69,1.71
2013-06-24,11.03,1.67,1.73
2013-06-25,11.12,1.69,1.72
2013-06-26,11.16,1.69,1.71
2013-06-27,11.44,1.74,1.67
2013-06-28,11.87,1.8,1.61
2013-07-01,12.1,1.84,1.58
2013-07-02,11.94,1.81,1.6
2013-07-03,11.63,1.77,1.64
2013-07-04,11.73,1.78,1.63
2013-07-05,11.88,1.8,1.61
2013-07-08,11.64,1.77,1.64
2013-07-09,11.73,1.78,1.63
2013-07-10,11.52,1.75,1.66
2013-07-11,11.75,1.78,1.62
2013-07-12,11.86,1.8,1.61
2013-07-15,11.89,1.81,1.6
2013-07-16,11.96,1.82,1.6
2013-07-17,12.08,1.83,1.58
2013-07-18,12.22,1.86,1.56
2013-07-19,12.28,1.86,1.55
2013-07-22,11.91,1.84,1.58
2013-07-23,11.96,1.85,1.57
2013-07-24,11.89,1.84,1.58
2013-07-25,11.45,1.81,1.6
2013-07-26,11.41,1.8,1.61
2013-07-29,11.31,1.79,1.62
2013-07-30,10.89,1.64,1.7
2013-07-31,11.04,1.66,1.68
2013-08-01,10.8,1.62,1.72
2013-08-02,10.74,1.61,1.73
2013-08-05,10.79,1.62,1.72
2013-08-06,10.5,1.58,1.77
2013-08-07,10.78,1.62,1.72
2013-08-08,10.77,1.62,1.72
2013-08-12,10.69,1.61,1.73
2013-08-13,10.78,1.63,1.72
2013-08-14,11.04,1.66,1.68
2013-08-16,10.72,1.59,1.76
2013-08-19,9.46,1.57,1.78
2013-08-20,9.89,1.57,1.77
2013-08-21,9.53,1.52,1.84
2013-08-22,9.84,1.57,1.78
2013-08-23,9.97,1.59,1.76
2013-08-26,9.96,1.59,1.76
2013-08-27,9.66,1.54,1.82
2013-08-28,9.63,1.53,1.82
2013-08-29,9.92,1.58,1.77
2013-08-30,9.97,1.59,1.76
2013-09-02,10.18,1.62,1.72
2013-09-03,9.8,1.56,1.79
2013-09-04,10.0,1.59,1.75
2013-09-05,10.18,1.62,1.72
2013-09-06,10.37,1.65,1.69
2013-09-10,10.57,1.68,1.66
2013-09-11,10.52,1.68,1.67
2013-09-12,10.41,1.66,1.68
2013-09-13,10.47,1.66,1.72
2013-09-16,10.44,1.63,1.77
2013-09-17,10.36,1.62,1.78
2013-09-18,10.49,1.63,1.98
2013-09-19,10.79,1.68,1.93
2013-09-20,10.71,1.65,2.06
2013-09-23,10.49,1.62,2.1
2013-09-24,10.5,1.62,2.1
2013-09-25,10.41,1.6,2.12
2013-09-26,10.32,1.59,2.14
2013-09-27,10.31,1.59,2.14
2013-09-30,10.15,1.56,2.17
2013-10-01,10.06,1.55,2.2
2013-10-03,10.3,1.58,2.15
2013-10-04,10.31,1.59,2.15
2013-10-07,10.29,1.58,2.15
2013-10-08,10.32,1.59,2.15
2013-10-09,10.46,1.61,2.12
2013-10-10,10.46,1.61,2.12
2013-10-11,10.46,1.61,2.12
2013-10-14,10.49,1.61,2.11
2013-10-15,10.44,1.61,2.12
2013-10-17,10.53,1.62,2.1
2013-10-18,10.75,1.65,2.06
2013-10-21,10.82,1.67,2.04
2013-10-22,10.83,1.65,2.03
2013-10-23,10.46,1.63,2.05
2013-10-24,10.39,1.62,2.06
2013-10-25,10.37,1.62,2.07
2013-10-28,10.38,1.62,2.07
2013-10-29,10.49,1.63,2.04
2013-10-30,10.5,1.64,2.04
2013-10-31,10.66,1.66,2.01
2013-11-01,10.57,1.65,2.03
2013-11-03,10.6,1.65,2.02
2013-11-05,10.63,1.65,2.03
2013-11-06,10.59,1.64,2.04
2013-11-07,10.48,1.62,2.06
2013-11-08,10.39,1.61,2.08
2013-11-11,10.25,1.59,2.11
2013-11-12,10.12,1.57,2.13
2013-11-13,10.06,1.56,2.14
2013-11-14,10.52,1.57,2.13
2013-11-18,10.77,1.61,2.08
2013-11-19,10.77,1.61,2.08
2013-11-20,10.63,1.59,2.1
2013-11-21,10.44,1.56,2.14
2013-11-22,11.07,1.57,2.13
2013-11-25,11.23,1.59,2.1
2013-11-26,11.1,1.57,2.12
2013-11-27,11.07,1.57,2.13
2013-11-28,11.16,1.58,2.11
2013-11-29,11.28,1.6,2.09
2013-12-02,11.26,1.6,2.09
2013-12-03,11.29,1.6,2.09
2013-12-04,11.23,1.59,2.1
2013-12-05,11.37,1.61,2.07
2013-12-06,11.47,1.63,2.05
2013-12-09,11.68,1.66,2.02
2013-12-10,11.5,1.63,2.05
2013-12-11,11.44,1.62,2.06
2013-12-12,11.33,1.61,2.08
2013-12-13,11.21,1.59,2.1
2013-12-16,11.08,1.57,2.13
2013-12-17,10.99,1.56,2.14
2013-12-18,11.23,1.59,2.1
2013-12-19,11.09,1.57,2.13
2013-12-20,11.47,1.63,2.05
2013-12-23,11.51,1.63,2.05
2013-12-24,11.47,1.63,2.05
2013-12-26,11.48,1.63,2.05
2013-12-27,11.44,1.62,2.06
2013-12-30,11.51,1.64,2.05
2013-12-31,11.59,1.65,2.04
2014-01-01,11.55,1.64,2.05
2014-01-02,11.37,1.62,2.08
2014-01-03,11.19,1.59,2.11
2014-01-06,11.15,1.59,2.12
2014-01-07,10.99,1.56,2.15
2014-01-08,11.04,1.57,2.14
2014-01-09,11.14,1.58,2.12
2014-01-10,11.16,1.59,2.12
2014-01-13,11.37,1.62,2.08
2014-01-14,11.35,1.62,2.08
2014-01-15,11.4,1.62,2.07
2014-01-16,11.39,1.62,2.08
2014-01-17,11.39,1.62,2.08
2014-01-20,11.3,1.61,2.09
2014-01-21,11.22,1.6,2.11
2014-01-22,11.32,1.61,2.09
2014-01-23,11.26,1.6,2.1
2014-01-24,11.27,1.6,2.1
2014-01-27,11.0,1.56,2.15
2014-01-28,11.0,1.56,2.15
2014-01-29,10.95,1.56,2.16
2014-01-30,10.84,1.54,2.18
2014-01-31,10.94,1.56,2.16
2014-02-03,10.75,1.54,2.19
2014-02-04,10.78,1.54,2.18
2014-02-05,10.8,1.55,2.18
2014-02-06,10.81,1.55,2.18
2014-02-07,10.86,1.55,2.17
2014-02-10,10.91,1.56,2.16
2014-02-11,10.81,1.54,2.18
2014-02-12,10.92,1.56,2.16
2014-02-13,10.74,1.53,2.19
2014-02-14,10.87,1.55,2.17
2014-02-17,10.87,1.55,2.17
2014-02-18,11.27,1.55,2.17
2014-02-19,11.13,1.55,2.17
2014-02-20,11.04,1.54,2.18
2014-02-21,11.35,1.55,2.17
2014-02-24,11.31,1.55,2.18
2014-02-25,11.27,1.54,2.18
2014-02-26,11.3,1.54,2.18
2014-02-28,11.25,1.54,2.19
2014-03-03,11.26,1.54,2.19
2014-03-04,11.43,1.56,2.15
2014-03-05,11.4,1.56,2.16
2014-03-06,11.65,1.59,2.11
2014-03-07,12.04,1.64,2.05
2014-03-10,12.15,1.66,2.03
2014-03-11,12.11,1.65,2.03
2014-03-12,12.04,1.65,2.04
2014-03-13,12.17,1.66,2.02
2014-03-14,12.2,1.67,2.02
2014-03-18,12.33,1.68,2.0
2014-03-19,12.3,1.68,2.0
2014-03-20,12.29,1.67,2.01
2014-03-21,12.1,1.65,2.04
2014-03-22,12.14,1.65,2.04
2014-03-24,12.4,1.69,1.99
2014-03-25,12.28,1.67,2.01
2014-03-26,12.39,1.69,1.99
2014-03-27,12.55,1.71,1.97
2014-03-28,12.73,1.73,1.94
2014-03-31,12.72,1.73,1.94
2014-04-01,12.86,1.75,1.92
2014-04-02,13.03,1.78,1.9
2014-04-03,12.94,1.76,1.91
2014-04-04,12.83,1.75,1.93
2014-04-07,12.82,1.75,1.93
2014-04-09,12.97,1.77,1.9
2014-04-10,13.11,1.79,1.88
2014-04-11,12.97,1.77,1.9
2014-04-15,12.93,1.76,1.91
2014-04-16,12.8,1.74,1.93
2014-04-17,13.01,1.77,1.9
2014-04-21,13.01,1.77,1.9
2014-04-22,13.12,1.79,1.88
2014-04-23,13.06,1.78,1.89
2014-04-25,12.81,1.75,1.93
2014-04-28,12.77,1.74,1.93
2014-04-29,12.72,1.73,1.94
2014-04-30,12.68,1.73,1.95
2014-05-02,12.66,1.73,1.95
2014-05-05,12.81,1.75,1.93
2014-05-06,12.9,1.76,1.91
2014-05-07,12.88,1.76,1.92
2014-05-08,12.87,1.75,1.92
2014-05-09,13.32,1.82,1.85
2014-05-12,13.73,1.87,1.8
2014-05-13,14.12,1.92,1.75
2014-05-14,14.01,1.91,1.77
2014-05-15,14.21,1.94,1.74
2014-05-16,14.57,1.99,1.7
2014-05-19,15.56,2.09,1.61
2014-05-20,15.14,2.04,1.66
2014-05-21,15.11,2.03,1.66
2014-05-22,15.35,2.07,1.63
2014-05-23,15.78,2.12,1.59
2014-05-26,15.5,2.09,1.62
2014-05-27,15.22,2.05,1.65
2014-05-28,15.04,2.04,1.66
2014-05-29,14.16,2.01,1.68
2014-05-30,14.19,2.01,1.68
2014-06-02,14.56,2.06,1.64
2014-06-03,14.26,2.1,1.61
2014-06-04,14.12,2.08,1.63
2014-06-05,14.38,2.12,1.59
2014-06-06,14.97,2.2,1.53
2014-06-09,14.97,2.2,1.53
2014-06-10,14.84,2.18,1.55
2014-06-11,14.53,2.14,1.58
2014-06-12,14.52,2.14,1.58
2014-06-13,14.22,2.09,1.61
2014-06-16,14.21,2.09,1.61
2014-06-17,14.57,2.05,1.59
2014-06-18,14.37,2.02,1.62
2014-06-19,14.01,1.97,1.66
2014-06-20,13.89,1.96,1.67
2014-06-23,14.04,1.98,1.65
2014-06-24,14.31,2.01,1.62
2014-06-25,14.25,2.01,1.63
2014-06-26,13.77,1.94,1.68
2014-06-27,13.8,1.94,1.68
2014-06-30,14.05,1.98,1.65
2014-07-01,13.97,1.97,1.66
2014-07-02,14.13,1.99,1.64
2014-07-03,13.96,1.96,1.66
2014-07-04,14.19,2.0,1.63
2014-07-07,14.16,1.99,1.64
2014-07-08,13.63,1.92,1.7
2014-07-09,13.67,1.92,1.7
2014-07-10,13.69,1.93,1.69
2014-07-11,13.32,1.87,1.74
2014-07-14,13.34,1.88,1.74
2014-07-15,13.49,1.9,1.72
2014-07-16,13.65,1.92,1.7
2014-07-17,13.67,1.92,1.7
2014-07-18,13.55,1.91,1.71
2014-07-21,13.53,1.91,1.71
2014-07-22,13.74,1.94,1.68
2014-07-23,13.75,1.94,1.68
2014-07-24,13.72,1.94,1.68
2014-07-25,13.58,1.9,1.72
2014-07-28,13.44,1.87,1.74
2014-07-30,13.5,1.88,1.74
2014-07-31,13.42,1.87,1.75
2014-08-01,13.08,1.83,1.79
2014-08-04,13.26,1.85,1.77
2014-08-05,13.32,1.86,1.76
2014-08-06,13.28,1.85,1.77
2014-08-07,13.31,1.85,1.76
2014-08-08,13.1,1.82,1.79
2014-08-11,13.07,1.82,1.79
2014-08-12,13.28,1.85,1.76
2014-08-13,13.28,1.85,1.76
2014-08-14,13.2,1.88,1.74
2014-08-18,13.26,1.91,1.7
2014-08-19,13.33,1.92,1.7
2014-08-20,13.21,1.91,1.71
2014-08-21,13.24,1.91,1.71
2014-08-22,13.23,1.91,1.71
2014-08-25,13.15,1.89,1.72
2014-08-26,13.04,1.88,1.74
2014-08-27,13.1,1.89,1.73
2014-08-28,13.17,1.9,1.72
2014-09-01,13.42,1.93,1.69
2014-09-02,13.51,1.95,1.68
2014-09-03,13.51,1.95,1.68
2014-09-04,13.48,1.94,1.68
2014-09-05,13.51,1.95,1.68
2014-09-08,13.66,1.97,1.66
2014-09-09,13.62,1.96,1.66
2014-09-10,13.47,1.94,1.68
2014-09-11,13.43,1.93,1.69
2014-09-12,13.35,1.92,1.7
2014-09-15,13.22,1.9,1.71
2014-09-16,12.86,1.85,1.76
2014-09-17,12.92,1.86,1.75
2014-09-18,13.14,1.89,1.72
2014-09-19,13.02,1.87,1.74
2014-09-22,13.08,1.88,1.73
2014-09-23,12.79,1.84,1.77
2014-09-24,12.83,1.85,1.77
2014-09-25,12.48,1.79,1.82
2014-09-26,12.63,1.8,1.86
2014-09-29,12.61,1.8,1.86
2014-09-30,12.69,1.81,1.85
2014-10-01,12.5,1.77,1.88
2014-10-07,12.46,1.76,1.89
2014-10-08,12.65,1.76,1.88
2014-10-09,12.82,1.78,1.85
2014-10-10,12.73,1.77,1.87
2014-10-13,12.74,1.77,1.87
2014-10-14,12.67,1.77,1.87
2014-10-16,12.4,1.73,1.91
2014-10-17,12.47,1.74,1.9
2014-10-20,12.69,1.77,1.87
2014-10-21,12.69,1.77,1.87
2014-10-22,12.74,1.78,1.86
2014-10-23,12.8,1.79,1.85
2014-10-27,12.67,1.77,1.87
2014-10-28,12.82,1.77,1.87
2014-10-29,12.94,1.78,1.85
2014-10-30,13.14,1.81,1.82
2014-10-31,13.44,1.83,1.78
2014-11-03,13.39,1.82,1.79
2014-11-05,13.26,1.81,1.81
2014-11-07,13.17,1.8,1.81
2014-11-10,13.07,1.79,1.82
2014-11-11,13.13,1.8,1.81
2014-11-12,13.0,1.78,1.83
2014-11-13,12.84,1.76,1.85
2014-11-14,12.93,1.77,1.84
2014-11-17,13.07,1.79,1.82
2014-11-18,13.16,1.79,1.82
2014-11-19,12.98,1.76,1.85
2014-11-20,13.17,1.77,1.84
2014-11-21,13.26,1.78,1.83
2014-11-24,13.21,1.77,1.84
2014-11-25,13.2,1.77,1.84
2014-11-26,13.21,1.77,1.84
2014-11-27,13.23,1.77,1.84
2014-11-28,13.27,1.78,1.84
2014-12-01,12.9,1.73,1.89
2014-12-02,12.83,1.72,1.9
2014-12-03,12.96,1.73,1.88
2014-12-04,12.89,1.72,1.89
2014-12-05,12.82,1.71,1.9
2014-12-08,12.72,1.7,1.92
2014-12-09,12.5,1.67,1.95
2014-12-10,12.52,1.68,1.94
2014-12-11,12.23,1.64,1.99
2014-12-12,11.95,1.6,2.04
2014-12-15,11.91,1.59,2.04
2014-12-16,11.69,1.56,2.08
2014-12-17,11.73,1.57,2.08
2014-12-18,11.93,1.6,2.04
2014-12-19,12.14,1.62,2.01
2014-12-22,12.29,1.64,1.98
2014-12-23,12.21,1.63,1.99
2014-12-24,12.01,1.61,2.03
2014-12-26,12.06,1.61,2.02
2014-12-29,12.14,1.62,2.01
2014-12-30,12.02,1.61,2.03
2014-12-31,12.11,1.62,2.01
2015-01-01,12.1,1.62,2.01
2015-01-02,12.15,1.63,2.0
2015-01-05,12.13,1.62,2.01
2015-01-06,11.64,1.56,2.09
2015-01-07,11.78,1.58,2.07
2015-01-08,11.85,1.58,2.06
2015-01-09,11.99,1.6,2.03
2015-01-12,11.87,1.59,2.05
2015-01-13,11.74,1.57,2.07
2015-01-14,11.69,1.56,2.08
2015-01-15,11.98,1.6,2.03
2015-01-16,12.04,1.61,2.02
2015-01-19,12.23,1.62,2.01
2015-01-20,12.38,1.64,1.98
2015-01-21,12.39,1.64,1.98
2015-01-22,12.28,1.63,2.0
2015-01-23,12.48,1.64,1.99
2015-01-27,12.51,1.64,1.98
2015-01-28,12.63,1.66,1.96
2015-01-29,12.78,1.68,1.94
2015-01-30,12.73,1.67,1.95
2015-02-02,12.68,1.67,1.96
2015-02-03,12.89,1.69,1.92
2015-02-04,12.89,1.7,1.92
2015-02-05,12.69,1.67,1.95
2015-02-06,12.55,1.65,1.97
2015-02-09,12.58,1.63,2.0
2015-02-10,12.5,1.62,2.01
2015-02-11,12.6,1.64,1.99
2015-02-12,12.75,1.65,1.97
2015-02-13,12.76,1.66,1.97
2015-02-16,12.7,1.65,1.98
2015-02-18,12.5,1.65,1.97
2015-02-19,12.88,1.66,1.97
2015-02-20,12.64,1.63,2.0
2015-02-23,12.47,1.6,2.03
2015-02-24,12.35,1.59,2.05
2015-02-25,12.35,1.59,2.05
2015-02-26,12.41,1.6,2.04
2015-02-27,12.63,1.62,2.01
2015-02-28,12.68,1.63,2.0
2015-03-02,12.71,1.63,1.99
2015-03-03,12.93,1.66,1.96
2015-03-04,12.76,1.64,1.99
2015-03-05,12.75,1.64,1.99
2015-03-09,12.47,1.6,2.03
2015-03-10,12.35,1.59,2.05
2015-03-11,12.3,1.58,2.06
2015-03-12,12.46,1.6,2.03
2015-03-13,12.3,1.58,2.06
2015-03-16,12.2,1.57,2.08
2015-03-17,12.35,1.59,2.05
2015-03-18,12.36,1.59,2.05
2015-03-19,12.31,1.58,2.06
2015-03-20,12.19,1.57,2.08
2015-03-23,12.16,1.56,2.08
2015-03-24,12.23,1.57,2.07
2015-03-25,12.13,1.56,2.09
2015-03-26,11.95,1.54,2.12
2015-03-27,11.84,1.52,2.14
2015-03-30,11.94,1.53,2.12
2015-03-31,12.05,1.55,2.1
2015-04-01,12.12,1.56,2.09
2015-04-06,12.21,1.57,2.08
2015-04-07,12.3,1.58,2.06
2015-04-08,12.5,1.61,2.03
2015-04-09,12.67,1.63,2.0
2015-04-10,12.75,1.64,1.99
2015-04-13,12.91,1.66,1.96
2015-04-15,12.89,1.66,1.97
2015-04-16,13.0,1.67,1.95
2015-04-17,12.98,1.67,1.95
2015-04-20,12.49,1.62,2.01
2015-04-21,12.35,1.61,2.03
2015-04-22,12.33,1.6,2.03
2015-04-23,12.25,1.59,2.04
2015-04-24,12.66,1.6,2.04
2015-04-27,12.47,1.57,2.07
2015-04-28,12.47,1.57,2.07
2015-04-29,12.35,1.56,2.09
2015-04-30,12.39,1.56,2.09
2015-05-04,12.82,1.62,2.02
2015-05-05,12.89,1.62,2.01
2015-05-06,12.55,1.58,2.06
2015-05-07,12.37,1.56,2.09
2015-05-08,12.49,1.57,2.07
2015-05-11,12.63,1.59,2.05
2015-05-12,12.26,1.55,2.11
2015-05-13,12.41,1.56,2.08
2015-05-14,12.42,1.57,2.08
2015-05-15,12.4,1.56,2.08
2015-05-18,12.6,1.59,2.05
2015-05-19,12.58,1.59,2.05
2015-05-20,12.62,1.6,2.04
2015-05-21,12.54,1.59,2.05
2015-05-22,12.64,1.53,2.06
2015-05-25,12.61,1.53,2.07
2015-05-26,12.48,1.51,2.09
2015-05-27,12.58,1.52,2.07
2015-05-28,12.5,1.51,2.08
2015-05-29,13.51,1.52,2.07
2015-06-01,13.96,1.54,2.04
2015-06-02,13.86,1.53,2.06
2015-06-03,13.6,1.51,2.09
2015-06-04,13.71,1.52,2.08
2015-06-05,13.78,1.53,2.07
2015-06-08,13.6,1.5,2.09
2015-06-09,13.56,1.5,2.1
2015-06-10,13.78,1.53,2.07
2015-06-11,13.47,1.49,2.11
2015-06-12,13.57,1.5,2.1
2015-06-15,13.65,1.51,2.09
2015-06-16,13.7,1.52,2.08
2015-06-17,13.84,1.53,2.06
2015-06-18,14.25,1.58,2.0
2015-06-19,14.39,1.6,1.92
2015-06-22,14.42,1.6,1.91
2015-06-23,14.48,1.61,1.91
2015-06-24,14.4,1.6,1.92
2015-06-25,14.51,1.61,1.9
2015-06-26,14.44,1.6,1.91
2015-06-29,14.35,1.59,1.92
2015-06-30,14.41,1.6,1.92
2015-07-01,14.54,1.61,1.9
2015-07-02,14.56,1.62,1.9
2015-07-03,14.53,1.61,1.9
2015-07-06,14.6,1.62,1.89
2015-07-07,14.44,1.6,1.91
2015-07-08,14.29,1.59,1.93
2015-07-09,14.1,1.56,1.96
2015-07-10,14.17,1.57,1.95
2015-07-13,14.29,1.59,1.93
2015-07-14,14.26,1.58,1.94
2015-07-15,14.34,1.59,1.92
2015-07-16,14.48,1.61,1.91
2015-07-17,14.51,1.61,1.9
2015-07-20,14.52,1.61,1.9
2015-07-21,14.27,1.58,1.93
2015-07-22,14.67,1.63,1.88
2015-07-23,14.66,1.63,1.88
2015-07-24,14.48,1.6,1.91
2015-07-27,14.17,1.57,1.95
2015-07-28,14.24,1.57,1.95
2015-07-29,14.09,1.55,1.97
2015-07-30,14.17,1.56,1.96
2015-07-31,14.17,1.56,1.96
2015-08-03,14.15,1.56,1.96
2015-08-04,14.0,1.54,1.98
2015-08-05,14.04,1.55,1.98
2015-08-06,13.98,1.54,1.98
2015-08-07,14.09,1.55,1.97
2015-08-10,13.89,1.53,2.0
2015-08-11,13.79,1.52,2.01
2015-08-12,13.46,1.48,2.06
2015-08-13,13.38,1.48,2.07
2015-08-14,13.34,1.51,2.03
2015-08-17,12.95,1.49,2.05
2015-08-18,12.88,1.48,2.07
2015-08-19,12.92,1.48,2.06
2015-08-20,12.61,1.45,2.11
2015-08-21,12.48,1.43,2.13
2015-08-24,11.45,1.31,2.33
2015-08-25,11.65,1.34,2.28
2015-08-26,11.67,1.34,2.28
2015-08-27,11.92,1.37,2.23
2015-08-28,12.06,1.37,2.19
2015-08-31,11.93,1.36,2.21
2015-09-01,11.72,1.34,2.25
2015-09-02,11.61,1.32,2.27
2015-09-03,11.72,1.34,2.25
2015-09-04,11.49,1.31,2.3
2015-09-07,11.37,1.3,2.31
2015-09-08,11.57,1.33,2.27
2015-09-09,11.82,1.35,2.22
2015-09-10,11.74,1.35,2.24
2015-09-11,11.7,1.34,2.24
2015-09-14,11.86,1.36,2.21
2015-09-15,11.89,1.36,2.21
2015-09-16,11.94,1.37,2.2
2015-09-18,12.16,1.39,2.16
2015-09-21,12.08,1.39,2.17
2015-09-22,11.75,1.35,2.23
2015-09-23,11.79,1.35,2.23
2015-09-24,11.67,1.34,2.25
2015-09-28,11.14,1.36,2.27
2015-09-29,11.15,1.36,2.26
2015-09-30,11.39,1.39,2.22
2015-10-01,11.4,1.37,1.98
2015-10-05,11.66,1.4,1.94
2015-10-06,11.81,1.42,1.92
2015-10-07,11.99,1.44,1.89
2015-10-08,11.82,1.42,1.91
2015-10-09,11.83,1.43,1.91
2015-10-12,11.88,1.43,1.9
2015-10-13,11.84,1.43,1.91
2015-10-14,11.87,1.43,1.91
2015-10-15,11.98,1.44,1.89
2015-10-16,12.1,1.46,1.87
2015-10-19,12.36,1.49,1.83
2015-10-20,12.12,1.48,1.84
2015-10-21,12.09,1.48,1.84
2015-10-23,12.29,1.49,1.83
2015-10-26,12.18,1.47,1.85
2015-10-27,12.1,1.46,1.86
2015-10-28,12.04,1.46,1.87
2015-10-29,11.97,1.45,1.88
2015-10-30,12.02,1.45,1.87
2015-11-02,12.1,1.46,1.86
2015-11-03,12.22,1.48,1.84
2015-11-04,12.05,1.47,1.86
2015-11-05,11.99,1.46,1.87
2015-11-06,12.08,1.47,1.86
2015-11-09,12.14,1.47,1.86
2015-11-10,11.72,1.42,1.92
2015-11-11,11.81,1.43,1.91
2015-11-13,11.95,1.42,1.91
2015-11-16,11.96,1.43,1.91
2015-11-17,11.96,1.43,1.91
2015-11-18,11.87,1.42,1.93
2015-11-19,12.09,1.44,1.89
2015-11-20,12.24,1.46,1.87
2015-11-23,12.27,1.46,1.86
2015-11-24,12.36,1.47,1.85
2015-11-26,12.54,1.49,1.82
2015-11-27,12.48,1.49,1.83
2015-11-30,12.41,1.48,1.84
2015-12-01,12.48,1.49,1.83
2015-12-02,12.55,1.5,1.82
2015-12-03,12.47,1.49,1.83
2015-12-04,12.31,1.47,1.86
2015-12-07,12.22,1.46,1.87
2015-12-08,12.03,1.43,1.9
2015-12-09,11.82,1.41,1.93
2015-12-10,12.12,1.44,1.89
2015-12-11,12.05,1.44,1.9
2015-12-14,12.04,1.44,1.9
2015-12-15,12.2,1.45,1.87
2015-12-16,12.37,1.48,1.85
2015-12-17,12.59,1.5,1.82
2015-12-18,12.47,1.49,1.83
2015-12-21,12.57,1.5,1.82
2015-12-22,12.54,1.5,1.82
2015-12-23,12.74,1.52,1.79
2015-12-24,12.73,1.52,1.79
2015-12-28,12.88,1.54,1.77
2015-12-29,12.9,1.54,1.77
2015-12-30,12.83,1.53,1.78
2015-12-31,12.93,1.54,1.77
2016-01-01,12.94,1.54,1.77
2016-01-04,12.75,1.52,1.79
2016-01-05,12.88,1.54,1.77
2016-01-06,13.05,1.56,1.75
2016-01-07,12.73,1.52,1.79
2016-01-08,12.93,1.54,1.77
2016-01-11,13.04,1.55,1.75
2016-01-12,12.98,1.55,1.76
2016-01-13,13.16,1.57,1.74
2016-01-14,13.06,1.56,1.75
2016-01-15,12.96,1.55,1.76
2016-01-18,12.48,1.49,1.83
2016-01-19,12.68,1.51,1.8
2016-01-20,12.32,1.47,1.85
2016-01-21,12.12,1.44,1.89
2016-01-22,12.41,1.48,1.84
2016-01-25,12.4,1.48,1.84
2016-01-27,12.45,1.48,1.84
2016-01-28,12.16,1.51,1.81
2016-01-29,12.36,1.53,1.78
2016-02-01,12.35,1.52,1.79
2016-02-02,12.01,1.48,1.84
2016-02-03,11.77,1.45,1.88
2016-02-04,11.76,1.45,1.88
2016-02-05,11.75,1.45,1.88
2016-02-08,11.59,1.43,1.91
2016-02-09,11.61,1.43,1.91
2016-02-10,11.6,1.43,1.91
2016-02-11,11.14,1.37,1.99
2016-02-12,10.97,1.35,2.02
2016-02-15,10.73,1.4,1.95
2016-02-16,10.59,1.38,1.98
2016-02-17,10.76,1.4,1.95
2016-02-18,10.77,1.4,1.94
2016-02-19,10.76,1.4,1.95
2016-02-22,10.85,1.41,1.93
2016-02-23,10.66,1.39,1.96
2016-02-24,10.66,1.39,1.96
2016-02-25,10.56,1.37,1.98
2016-02-26,10.64,1.39,1.97
2016-02-29,10.58,1.38,1.98
2016-03-01,10.8,1.41,1.94
2016-03-02,10.98,1.43,1.91
2016-03-03,11.1,1.44,1.89
2016-03-04,11.12,1.45,1.88
2016-03-08,11.27,1.47,1.86
2016-03-09,11.33,1.47,1.85
2016-03-10,11.15,1.45,1.87
2016-03-11,11.17,1.45,1.87
2016-03-14,11.24,1.46,1.86
2016-03-15,11.26,1.47,1.86
2016-03-16,11.25,1.46,1.86
2016-03-17,11.34,1.48,1.84
2016-03-18,11.4,1.48,1.83
2016-03-21,11.5,1.5,1.82
2016-03-22,11.58,1.51,1.81
2016-03-23,11.45,1.49,1.83
2016-03-28,11.41,1.49,1.83
2016-03-29,11.47,1.49,1.82
2016-03-30,11.65,1.52,1.79
2016-03-31,11.61,1.51,1.8
2016-04-01,11.5,1.5,1.82
2016-04-04,11.53,1.5,1.81
2016-04-05,11.43,1.49,1.83
2016-04-06,11.49,1.5,1.82
2016-04-07,11.5,1.5,1.82
2016-04-08,11.57,1.51,1.81
2016-04-11,11.69,1.52,1.79
2016-04-12,11.78,1.53,1.77
2016-04-13,11.95,1.56,1.75
2016-04-18,11.98,1.56,1.75
2016-04-20,11.86,1.54,1.76
2016-04-21,11.9,1.55,1.76
2016-04-22,11.93,1.55,1.75
2016-04-25,11.74,1.53,1.78
2016-04-26,11.58,1.53,1.77
2016-04-27,11.66,1.54,1.76
2016-04-28,11.39,1.51,1.8
2016-04-29,11.23,1.51,1.81
2016-05-02,11.25,1.51,1.8
2016-05-03,11.15,1.5,1.82
2016-05-04,11.1,1.49,1.83
2016-05-05,11.08,1.49,1.83
2016-05-06,11.09,1.49,1.83
2016-05-09,11.22,1.51,1.81
2016-05-10,11.15,1.5,1.82
2016-05-11,11.08,1.49,1.83
2016-05-12,11.2,1.5,1.81
2016-05-13,11.1,1.49,1.83
2016-05-16,11.06,1.48,1.83
2016-05-17,11.08,1.49,1.83
2016-05-18,11.08,1.49,1.83
2016-05-19,10.94,1.47,1.85
2016-05-20,10.87,1.46,1.87
2016-05-23,10.83,1.45,1.87
2016-05-24,10.85,1.46,1.87
2016-05-25,11.08,1.48,1.84
2016-05-26,11.11,1.48,1.83
2016-05-27,11.31,1.52,1.8
2016-05-30,11.64,1.52,1.8
2016-05-31,11.67,1.5,1.81
2016-06-01,11.65,1.5,1.81
2016-06-02,11.71,1.51,1.81
2016-06-03,11.77,1.51,1.8
2016-06-06,11.7,1.51,1.81
2016-06-07,11.71,1.51,1.81
2016-06-08,11.74,1.51,1.8
2016-06-09,11.91,1.53,1.78
2016-06-10,11.91,1.53,1.78
2016-06-13,11.88,1.53,1.78
2016-06-14,11.82,1.52,1.79
2016-06-15,12.0,1.54,1.76
2016-06-16,11.92,1.53,1.77
2016-06-17,11.92,1.53,1.68
2016-06-20,12.03,1.55,1.67
2016-06-21,12.01,1.54,1.67
2016-06-22,11.97,1.54,1.68
2016-06-23,11.99,1.54,1.67
2016-06-24,11.74,1.51,1.71
2016-06-27,11.81,1.52,1.7
2016-06-28,11.86,1.53,1.69
2016-06-29,12.02,1.55,1.67
2016-06-30,12.13,1.56,1.65
2016-07-01,12.33,1.59,1.63
2016-07-04,12.48,1.61,1.61
2016-07-05,12.42,1.6,1.62
2016-07-07,12.39,1.59,1.62
2016-07-08,12.3,1.58,1.63
2016-07-11,12.49,1.61,1.61
2016-07-12,12.58,1.62,1.6
2016-07-13,12.6,1.62,1.59
2016-07-14,12.63,1.63,1.59
2016-07-15,12.64,1.63,1.59
2016-07-18,12.49,1.61,1.61
2016-07-19,12.69,1.63,1.58
2016-07-20,12.82,1.65,1.57
2016-07-21,12.69,1.63,1.58
2016-07-22,12.83,1.65,1.56
2016-07-25,13.0,1.67,1.54
2016-07-26,12.97,1.67,1.55
2016-07-27,12.94,1.67,1.55
2016-07-28,13.0,1.67,1.54
2016-07-29,12.98,1.67,1.55
2016-08-01,12.95,1.67,1.55
2016-08-02,12.96,1.67,1.55
2016-08-03,12.77,1.64,1.57
2016-08-04,12.79,1.65,1.57
2016-08-05,13.09,1.68,1.53
2016-08-08,13.24,1.7,1.52
2016-08-09,13.19,1.7,1.52
2016-08-10,12.91,1.66,1.55
2016-08-11,13.01,1.67,1.54
2016-08-12,13.15,1.69,1.53
2016-08-16,13.16,1.69,1.52
2016-08-17,13.08,1.68,1.53
2016-08-18,13.25,1.7,1.51
2016-08-19,13.27,1.63,1.53
2016-08-22,13.19,1.62,1.54
2016-08-23,13.04,1.6,1.56
2016-08-24,13.19,1.62,1.54
2016-08-25,13.14,1.61,1.55
2016-08-26,13.22,1.6,1.51
2016-08-29,13.39,1.62,1.49
2016-08-30,13.55,1.64,1.47
2016-08-31,13.47,1.63,1.48
2016-09-01,13.29,1.61,1.5
2016-09-02,13.25,1.6,1.51
2016-09-06,13.37,1.62,1.49
2016-09-07,13.31,1.59,1.64
2016-09-08,13.38,1.6,1.63
2016-09-09,13.48,1.61,1.62
2016-09-12,13.26,1.58,1.65
2016-09-14,13.3,1.59,1.64
2016-09-15,13.33,1.59,1.64
2016-09-16,13.44,1.59,1.68
2016-09-19,13.56,1.61,1.66
2016-09-20,13.51,1.6,1.67
2016-09-21,13.49,1.6,1.67
2016-09-22,13.79,1.62,1.64
2016-09-23,13.87,1.63,1.63
2016-09-26,13.75,1.63,1.64
2016-09-27,13.71,1.62,1.64
2016-09-28,13.66,1.62,1.65
2016-09-29,13.29,1.59,1.68
2016-09-30,13.14,1.61,1.66
2016-10-03,13.44,1.64,1.63
2016-10-04,13.53,1.66,1.61
2016-10-05,13.27,1.66,1.61
2016-10-06,13.53,1.68,1.58
2016-10-07,13.46,1.67,1.63
2016-10-10,13.45,1.65,1.64
2016-10-13,13.17,1.62,1.67
2016-10-14,13.33,1.65,1.64
2016-10-17,13.28,1.64,1.65
2016-10-18,13.39,1.65,1.64
2016-10-19,13.56,1.67,1.62
2016-10-20,13.5,1.67,1.62
2016-10-21,13.38,1.66,1.63
2016-10-24,13.49,1.67,1.62
2016-10-25,13.46,1.67,1.62
2016-10-26,13.15,1.66,1.63
2016-10-27,13.09,1.65,1.64
2016-10-28,13.14,1.66,1.63
2016-10-30,13.12,1.65,1.64
2016-11-01,13.2,1.66,1.63
2016-11-02,12.91,1.63,1.66
2016-11-03,12.76,1.61,1.68
2016-11-04,12.64,1.59,1.7
2016-11-07,12.7,1.6,1.69
2016-11-08,12.57,1.61,1.68
2016-11-09,12.56,1.61,1.68
2016-11-10,12.74,1.64,1.65
2016-11-11,12.52,1.61,1.68
2016-11-15,11.8,1.56,1.72
2016-11-16,11.8,1.56,1.72
2016-11-17,11.75,1.56,1.72
2016-11-18,11.84,1.58,1.7
2016-11-21,11.58,1.56,1.72
2016-11-22,11.65,1.57,1.71
2016-11-23,11.73,1.58,1.7
2016-11-24,11.59,1.56,1.72
2016-11-25,11.72,1.58,1.7
2016-11-28,11.82,1.6,1.68
2016-11-29,11.85,1.6,1.68
2016-11-30,11.85,1.6,1.68
2016-12-01,11.8,1.59,1.69
2016-12-02,11.72,1.58,1.7
2016-12-05,11.65,1.58,1.7
2016-12-06,11.81,1.6,1.68
2016-12-07,11.78,1.6,1.68
2016-12-08,12.01,1.62,1.65
2016-12-09,12.06,1.63,1.65
2016-12-12,11.95,1.62,1.66
2016-12-13,12.06,1.64,1.64
2016-12-14,12.07,1.64,1.64
2016-12-15,12.02,1.63,1.65
2016-12-16,12.01,1.63,1.65
2016-12-19,12.08,1.64,1.64
2016-12-20,12.04,1.63,1.65
2016-12-21,12.11,1.64,1.64
2016-12-22,11.97,1.62,1.66
2016-12-23,11.99,1.62,1.66
2016-12-26,11.84,1.6,1.68
2016-12-27,12.01,1.62,1.65
2016-12-28,11.92,1.61,1.67
2016-12-29,12.11,1.64,1.64
2016-12-30,12.24,1.66,1.62
2017-01-02,12.25,1.66,1.62
2017-01-03,12.4,1.68,1.6
2017-01-04,12.33,1.67,1.61
2017-01-05,12.52,1.69,1.59
2017-01-06,12.47,1.69,1.59
2017-01-09,12.39,1.68,1.6
2017-01-10,12.46,1.69,1.59
2017-01-11,12.52,1.7,1.58
2017-01-12,12.66,1.72,1.56
2017-01-13,12.68,1.72,1.56
2017-01-16,12.61,1.71,1.57
2017-01-17,12.29,1.69,1.59
2017-01-18,12.24,1.68,1.6
2017-01-19,12.4,1.7,1.58
2017-01-20,12.24,1.68,1.6
2017-01-23,12.29,1.69,1.59
2017-01-24,12.45,1.71,1.57
2017-01-25,12.54,1.72,1.56
2017-01-27,12.63,1.73,1.55
2017-01-30,12.66,1.74,1.55
2017-01-31,12.56,1.72,1.56
2017-02-01,12.64,1.73,1.55
2017-02-02,12.65,1.74,1.55
2017-02-03,12.31,1.73,1.56
2017-02-06,12.4,1.74,1.54
2017-02-07,12.3,1.72,1.56
2017-02-08,12.33,1.73,1.55
2017-02-09,12.33,1.73,1.55
2017-02-10,12.28,1.72,1.56
2017-02-13,12.31,1.73,1.56
2017-02-14,12.2,1.73,1.55
2017-02-15,12.08,1.72,1.56
2017-02-16,12.19,1.73,1.55
2017-02-17,12.3,1.75,1.54
2017-02-20,12.41,1.77,1.52
2017-02-21,12.5,1.78,1.51
2017-02-22,12.86,1.84,1.46
2017-02-23,12.73,1.82,1.47
2017-02-27,12.91,1.85,1.46
2017-02-28,12.8,1.83,1.47
2017-03-01,12.71,1.82,1.48
2017-03-02,12.59,1.8,1.5
2017-03-03,12.74,1.82,1.48
2017-03-06,13.0,1.86,1.45
2017-03-07,13.04,1.87,1.45
2017-03-08,12.91,1.85,1.46
2017-03-09,12.84,1.84,1.47
2017-03-10,12.79,1.83,1.47
2017-03-14,12.88,1.84,1.46
2017-03-15,12.92,1.85,1.46
2017-03-16,12.99,1.86,1.45
2017-03-17,12.94,1.85,1.46
2017-03-20,12.86,1.84,1.47
2017-03-21,12.8,1.83,1.47
2017-03-22,12.76,1.83,1.48
2017-03-23,12.91,1.85,1.46
2017-03-24,12.94,1.85,1.46
2017-03-27,12.74,1.82,1.48
2017-03-28,12.73,1.82,1.48
2017-03-29,12.78,1.83,1.48
2017-03-30,12.82,1.84,1.47
2017-03-31,13.12,1.88,1.44
2017-04-03,13.32,1.91,1.42
2017-04-05,13.5,1.93,1.4
2017-04-06,13.66,1.96,1.38
2017-04-07,13.58,1.94,1.39
2017-04-10,13.54,1.94,1.39
2017-04-11,13.53,1.94,1.39
2017-04-12,13.42,1.92,1.4
2017-04-13,13.54,1.94,1.39
2017-04-17,13.64,1.95,1.38
2017-04-18,13.56,1.94,1.39
2017-04-19,13.63,1.95,1.38
2017-04-20,13.6,1.95,1.39
2017-04-21,13.74,1.97,1.37
2017-04-24,13.83,1.98,1.36
2017-04-25,13.98,2.0,1.35
2017-04-26,13.83,1.98,1.36
2017-04-27,13.85,1.98,1.36
2017-04-28,13.82,1.98,1.36
2017-05-02,13.79,1.97,1.37
2017-05-03,13.76,1.97,1.37
2017-05-04,13.68,1.96,1.38
2017-05-05,13.44,1.92,1.4
2017-05-08,13.42,1.92,1.4
2017-05-09,13.5,1.93,1.4
2017-05-10,13.65,1.95,1.38
2017-05-11,13.56,1.94,1.39
2017-05-12,13.54,1.94,1.39
2017-05-15,13.56,1.94,1.39
2017-05-16,13.63,1.95,1.38
2017-05-17,13.6,1.95,1.39
2017-05-18,13.39,1.92,1.41
2017-05-19,13.29,1.9,1.42
2017-05-22,13.18,1.89,1.43
2017-05-23,13.02,1.86,1.45
2017-05-24,13.01,1.86,1.45
2017-05-25,13.1,1.88,1.44
2017-05-26,13.37,1.91,1.41
2017-05-29,13.51,1.92,1.4
2017-05-30,13.55,1.93,1.4
2017-05-31,13.52,1.93,1.4
2017-06-01,13.33,1.9,1.42
2017-06-02,13.28,1.9,1.42
2017-06-05,13.34,1.91,1.42
2017-06-06,13.19,1.89,1.43
2017-06-07,13.41,1.9,1.42
2017-06-08,13.31,1.89,1.43
2017-06-09,13.15,1.89,1.43
2017-06-12,13.08,1.88,1.44
2017-06-13,13.1,1.88,1.44
2017-06-14,13.29,1.9,1.42
2017-06-15,13.27,1.9,1.42
2017-06-16,13.32,1.91,1.41
2017-06-19,13.42,1.92,1.4
2017-06-20,13.45,1.93,1.4
2017-06-21,13.41,1.92,1.4
2017-06-22,13.31,1.91,1.42
2017-06-23,13.26,1.9,1.42
2017-06-27,13.27,1.9,1.42
2017-06-28,13.12,1.88,1.44
2017-06-29,13.11,1.88,1.44
2017-06-30,13.07,1.87,1.44
2017-07-03,13.12,1.88,1.44
2017-07-04,13.3,1.9,1.42
2017-07-05,13.43,1.92,1.4
2017-07-06,13.39,1.92,1.41
2017-07-07,13.59,1.95,1.39
2017-07-10,13.67,1.96,1.38
2017-07-11,13.7,1.96,1.37
2017-07-12,13.88,1.99,1.36
2017-07-13,13.92,1.99,1.35
2017-07-14,14.02,2.01,1.34
2017-07-17,14.12,2.02,1.33
2017-07-18,13.94,2.0,1.35
2017-07-19,14.07,2.02,1.34
2017-07-20,14.02,2.01,1.34
2017-07-21,14.25,2.04,1.32
2017-07-24,14.36,2.06,1.31
2017-07-25,14.3,2.05,1.32
2017-07-26,14.41,2.07,1.31
2017-07-27,14.15,2.04,1.32
2017-07-28,14.16,1.87,1.03
2017-07-31,14.33,1.9,1.02
2017-08-01,14.3,1.9,1.02
2017-08-02,14.44,1.91,1.01
2017-08-03,14.62,1.93,1.0
2017-08-04,14.75,1.95,0.99
2017-08-07,14.82,1.96,0.98
2017-08-08,14.57,1.93,1.0
2017-08-09,14.54,1.92,1.0
2017-08-10,14.31,1.89,1.02
2017-08-11,14.14,1.87,1.03
2017-08-14,14.37,1.9,1.02
2017-08-16,14.34,1.9,1.02
2017-08-17,14.4,1.91,1.01
2017-08-18,14.48,1.92,1.01
2017-08-21,14.47,1.89,1.02
2017-08-22,14.79,1.9,1.02
2017-08-23,14.94,1.92,1.01
2017-08-24,14.89,1.91,1.01
2017-08-28,14.93,1.92,1.01
2017-08-29,14.68,1.89,1.02
2017-08-30,14.96,1.92,1.01
2017-08-31,15.14,1.94,0.99
2017-09-01,15.64,1.95,0.99
2017-09-04,15.58,1.95,0.99
2017-09-05,15.76,1.96,0.98
2017-09-06,15.78,1.97,0.98
2017-09-07,15.72,1.96,0.99
2017-09-08,15.61,1.95,0.99
2017-09-11,15.72,1.96,0.99
2017-09-12,15.87,1.97,0.99
2017-09-13,15.9,1.98,0.99
2017-09-14,15.85,1.97,0.99
2017-09-15,15.82,1.97,1.0
2017-09-18,15.86,1.97,0.99
2017-09-19,15.9,1.98,0.99
2017-09-20,15.9,1.98,0.99
2017-09-21,15.81,1.96,1.0
2017-09-22,15.47,1.92,1.02
2017-09-25,15.45,1.92,1.02
2017-09-26,15.44,1.92,1.02
2017-09-27,15.19,1.89,1.04
2017-09-28,15.08,1.87,1.04
2017-09-29,15.14,1.81,1.92
2017-10-03,15.35,1.83,1.89
2017-10-04,15.61,1.87,1.86
2017-10-05,15.61,1.87,1.86
2017-10-06,15.89,1.9,1.83
2017-10-09,15.74,1.88,1.85
2017-10-10,15.87,1.9,1.83
2017-10-11,15.88,1.9,1.83
2017-10-12,16.19,1.94,1.8
2017-10-13,16.22,1.94,1.79
2017-10-16,16.26,1.93,1.8
2017-10-17,16.15,1.93,1.79
2017-10-18,16.58,1.98,1.75
2017-10-19,16.45,1.96,1.76
2017-10-23,16.74,2.0,1.73
2017-10-24,16.82,2.01,1.72
2017-10-25,16.94,2.02,1.71
2017-10-26,17.15,2.05,1.69
2017-10-27,16.93,2.02,1.71
2017-10-30,17.1,2.04,1.69
2017-10-31,17.0,2.04,1.7
2017-11-01,17.09,2.05,1.69
2017-11-02,17.05,2.04,1.69
2017-11-03,17.01,2.04,1.7
2017-11-06,17.01,2.03,1.71
2017-11-07,16.68,1.99,1.74
2017-11-08,16.44,1.96,1.77
2017-11-09,16.48,1.97,1.76
2017-11-10,16.31,1.95,1.78
2017-11-13,15.95,1.93,1.79
2017-11-14,15.95,1.93,1.79
2017-11-15,15.88,1.92,1.8
2017-11-16,16.11,1.95,1.77
2017-11-17,16.21,1.96,1.76
2017-11-20,16.37,1.98,1.75
2017-11-21,16.36,2.0,1.73
2017-11-22,16.22,2.0,1.73
2017-11-23,16.36,2.02,1.72
2017-11-24,16.44,2.03,1.71
2017-11-27,16.48,2.03,1.7
2017-11-28,16.33,2.01,1.72
2017-11-29,16.36,2.02,1.72
2017-11-30,16.11,1.99,1.74
2017-12-01,15.9,1.96,1.77
2017-12-04,15.85,1.95,1.77
2017-12-05,15.9,1.96,1.77
2017-12-06,15.93,1.96,1.76
2017-12-07,16.15,1.99,1.74
2017-12-08,16.16,1.99,1.74
2017-12-11,16.12,1.99,1.74
2017-12-12,16.03,1.98,1.75
2017-12-13,16.06,1.98,1.75
2017-12-14,16.19,2.0,1.73
2017-12-15,16.2,2.0,1.73
2017-12-18,16.22,2.0,1.73
2017-12-19,16.32,2.01,1.72
2017-12-20,16.27,2.01,1.73
2017-12-21,16.25,2.0,1.73
2017-12-22,16.38,2.02,1.72
2017-12-26,16.47,2.03,1.71
2017-12-27,16.35,2.02,1.72
2017-12-28,16.3,2.01,1.72
2017-12-29,16.29,2.0,1.7
2018-01-01,16.16,1.99,1.71
2018-01-02,16.19,1.99,1.71
2018-01-03,16.18,1.99,1.71
2018-01-04,16.28,2.0,1.7
2018-01-05,16.29,2.0,1.7
2018-01-08,16.37,2.02,1.69
2018-01-09,16.47,2.03,1.68
2018-01-10,16.45,2.03,1.68
2018-01-11,16.39,2.02,1.69
2018-01-12,16.5,2.03,1.67
2018-01-15,16.47,2.03,1.68
2018-01-16,16.12,1.98,1.71
2018-01-17,16.16,1.99,1.71
2018-01-18,15.99,1.97,1.73
2018-01-19,16.15,1.99,1.71
2018-01-22,16.47,2.03,1.68
2018-01-23,16.68,2.05,1.66
2018-01-24,16.48,2.04,1.67
2018-01-25,16.44,2.04,1.67
2018-01-29,16.34,2.02,1.68
2018-01-30,16.33,2.02,1.68
2018-01-31,16.42,2.03,1.67
2018-02-01,16.25,2.01,1.69
2018-02-02,15.38,1.94,1.75
2018-02-05,15.35,1.94,1.76
2018-02-06,15.15,1.91,1.78
2018-02-07,15.28,1.93,1.76
2018-02-08,15.31,1.93,1.76
2018-02-09,15.21,1.92,1.77
2018-02-12,15.42,1.95,1.75
2018-02-14,15.47,1.95,1.74
2018-02-15,15.52,1.97,1.73
2018-02-16,15.27,1.94,1.75
2018-02-19,15.24,1.94,1.75
2018-02-20,15.21,1.93,1.76
2018-02-21,15.28,1.94,1.75
2018-02-22,15.12,1.92,1.77
2018-02-23,15.28,1.94,2.06
2018-02-26,15.35,1.96,2.04
2018-02-27,15.38,1.97,2.03
2018-02-28,15.38,1.97,2.03
2018-03-01,15.34,1.96,2.03
2018-03-05,15.04,1.93,2.07
2018-03-06,14.93,1.91,2.09
2018-03-07,14.68,1.88,2.13
2018-03-08,14.89,1.91,2.1
2018-03-09,14.88,1.9,2.1
2018-03-12,15.21,1.95,2.05
2018-03-13,15.32,1.96,2.04
2018-03-14,15.22,1.95,2.05
2018-03-15,15.02,1.92,2.08
2018-03-16,14.75,1.89,2.12
2018-03-19,14.64,1.87,2.13
2018-03-20,14.57,1.86,2.14
2018-03-21,14.66,1.87,2.13
2018-03-22,14.72,1.88,2.12
2018-03-23,14.57,1.86,2.14
2018-03-26,14.61,1.87,2.14
2018-03-27,14.69,1.88,2.13
2018-03-28,14.54,1.86,2.15
2018-04-02,14.6,1.87,2.15
2018-04-03,14.71,1.89,2.13
2018-04-04,14.56,1.87,2.15
2018-04-05,14.76,1.89,2.12
2018-04-06,14.82,1.9,2.12
2018-04-09,14.95,1.92,2.1
2018-04-10,14.98,1.92,2.09
2018-04-11,14.92,1.91,2.1
2018-04-12,14.91,1.91,2.1
2018-04-13,14.98,1.92,2.09
2018-04-16,14.98,1.92,2.09
2018-04-17,15.11,1.94,2.08
2018-04-18,15.05,1.93,2.08
2018-04-19,14.99,1.92,2.09
2018-04-20,14.8,1.9,2.12
2018-04-23,14.9,1.91,2.1
2018-04-24,15.21,1.95,2.06
2018-04-25,15.14,1.94,2.07
2018-04-26,15.19,1.95,2.06
2018-04-27,15.41,1.97,2.03
2018-04-30,15.13,1.94,2.07
2018-05-02,15.13,1.94,2.07
2018-05-03,15.06,1.93,2.08
2018-05-04,14.99,1.92,2.09
2018-05-07,15.23,1.95,2.06
2018-05-08,15.25,1.95,2.06
2018-05-09,15.29,1.96,2.05
2018-05-10,15.34,1.97,2.04
2018-05-11,15.43,1.98,2.03
2018-05-14,15.46,1.98,2.03
2018-05-15,15.41,1.97,2.03
2018-05-16,15.14,1.94,2.07
2018-05-17,15.03,1.93,2.09
2018-05-18,14.86,1.9,2.11
2018-05-21,14.85,1.9,2.11
2018-05-22,14.78,1.89,2.12
2018-05-23,14.47,1.85,2.17
2018-05-24,14.41,1.85,2.18
2018-05-25,14.51,1.87,2.14
2018-05-28,15.48,1.89,2.12
2018-05-29,15.48,1.89,2.12
2018-05-30,15.42,1.89,2.13
2018-05-31,15.56,1.9,2.11
2018-06-01,15.54,1.9,2.11
2018-06-04,15.55,1.9,2.11
2018-06-05,15.59,1.91,2.11
2018-06-06,15.67,1.92,2.1
2018-06-07,15.87,1.94,2.07
2018-06-08,15.96,1.95,2.06
2018-06-11,15.94,1.95,2.06
2018-06-12,16.05,1.96,2.05
2018-06-13,15.96,1.97,2.04
2018-06-14,15.94,1.97,2.04
2018-06-15,15.9,1.96,2.05
2018-06-18,16.0,1.97,2.03
2018-06-19,15.76,1.95,2.06
2018-06-20,15.94,1.97,2.04
2018-06-21,16.04,1.98,2.03
2018-06-22,15.91,1.96,2.05
2018-06-25,15.71,1.94,2.07
2018-06-26,15.22,1.91,2.1
2018-06-27,14.74,1.86,2.15
2018-06-28,14.46,1.83,2.2
2018-06-29,14.87,1.88,2.12
2018-07-02,14.66,1.85,2.15
2018-07-03,14.8,1.87,2.13
2018-07-04,14.91,1.89,2.12
2018-07-05,14.68,1.86,2.15
2018-07-06,14.81,1.87,2.13
2018-07-09,15.05,1.9,2.1
2018-07-10,15.33,1.94,2.06
2018-07-11,15.38,1.94,2.05
2018-07-12,15.79,2.0,2.0
2018-07-13,15.93,2.01,1.98
2018-07-16,15.7,1.99,2.01
2018-07-17,15.96,2.02,1.98
2018-07-18,16.01,2.03,1.97
2018-07-19,16.09,2.03,1.96
2018-07-20,16.21,2.05,1.95
2018-07-23,16.18,2.05,1.95
2018-07-24,16.15,2.04,1.95
2018-07-25,16.12,2.04,1.96
2018-07-26,16.14,2.04,1.96
2018-07-27,16.38,2.07,1.93
2018-07-30,16.63,2.1,1.9
2018-07-31,16.89,2.14,1.87
2018-08-01,16.88,2.15,1.86
2018-08-02,16.72,2.13,1.87
2018-08-03,16.83,2.14,1.86
2018-08-06,16.7,2.16,1.85
2018-08-07,16.59,2.15,1.86
2018-08-08,16.74,2.18,1.83
2018-08-09,16.55,2.18,1.83
2018-08-10,16.43,2.17,1.84
2018-08-13,16.16,2.13,1.87
2018-08-14,16.34,2.16,1.85
2018-08-16,16.26,2.15,1.86
2018-08-17,16.28,2.15,1.86
2018-08-20,16.56,2.19,1.82
2018-08-21,16.67,2.2,1.81
2018-08-23,16.86,2.23,1.79
2018-08-24,16.94,2.24,1.78
2018-08-27,16.93,2.27,1.76
2018-08-28,16.73,2.29,1.74
2018-08-29,16.54,2.24,1.65
2018-08-30,16.44,2.23,1.66
2018-08-31,16.24,2.2,1.69
2018-09-03,16.07,2.18,1.7
2018-09-04,16.06,2.18,1.7
2018-09-05,15.95,2.16,1.72
2018-09-06,16.28,2.21,1.68
2018-09-07,16.42,2.23,1.67
2018-09-10,16.15,2.19,1.69
2018-09-11,15.94,2.16,1.72
2018-09-12,16.07,2.18,1.7
2018-09-14,16.27,2.21,1.68
2018-09-17,16.08,2.18,1.7
2018-09-18,15.93,2.16,1.72
2018-09-19,15.93,2.16,1.72
2018-09-21,16.05,2.18,1.71
2018-09-24,16.06,2.18,1.7
2018-09-25,16.01,2.17,1.71
2018-09-26,16.18,2.16,1.69
2018-09-27,16.17,2.16,1.69
2018-09-28,15.91,2.13,1.72
2018-10-01,15.75,2.11,1.73
2018-10-03,15.58,2.08,1.75
2018-10-04,14.62,1.95,1.87
2018-10-05,13.46,1.8,2.03
2018-10-08,14.01,1.87,1.95
2018-10-09,13.77,1.84,1.98
2018-10-10,13.96,1.87,1.96
2018-10-11,13.98,1.87,1.95
2018-10-12,14.43,1.93,1.89
2018-10-15,14.56,1.95,1.88
2018-10-16,14.79,1.98,1.85
2018-10-17,14.6,1.95,1.87
2018-10-19,14.2,1.9,1.92
2018-10-22,13.84,1.85,1.97
2018-10-23,13.79,1.84,1.98
2018-10-24,13.82,1.85,1.98
2018-10-25,13.67,1.83,2.0
2018-10-26,13.7,1.83,1.99
2018-10-29,14.15,1.89,1.93
2018-10-30,13.84,1.85,1.97
2018-10-31,13.94,1.85,1.9
2018-11-01,13.93,1.85,1.9
2018-11-02,14.19,1.88,1.87
2018-11-05,14.17,1.88,1.87
2018-11-06,14.27,1.89,1.86
2018-11-07,14.36,1.9,1.85
2018-11-09,14.26,1.89,1.86
2018-11-12,14.03,1.86,1.89
2018-11-13,14.28,1.89,1.86
2018-11-14,14.35,1.9,1.85
2018-11-15,14.32,1.9,1.85
2018-11-16,14.5,1.92,1.83
2018-11-19,14.66,1.94,1.81
2018-11-20,14.53,1.91,1.85
2018-11-21,14.45,1.89,1.88
2018-11-22,14.4,1.87,1.9
2018-11-26,14.43,1.87,1.9
2018-11-27,14.61,1.89,1.87
2018-11-28,14.7,1.9,1.86
2018-11-29,14.8,1.92,1.85
2018-11-30,14.76,1.91,1.85
2018-12-03,14.77,1.91,1.85
2018-12-04,14.79,1.92,1.85
2018-12-05,14.73,1.91,1.86
2018-12-06,14.41,1.87,1.9
2018-12-07,14.44,1.87,1.89
2018-12-10,14.07,1.82,1.94
2018-12-11,14.12,1.83,1.94
2018-12-12,14.33,1.86,1.91
2018-12-13,14.34,1.86,1.91
2018-12-14,14.5,1.88,1.89
2018-12-17,14.72,1.91,1.86
2018-12-18,14.82,1.92,1.85
2018-12-19,14.9,1.93,1.84
2018-12-20,14.86,1.93,1.84
2018-12-21,14.59,1.89,1.87
2018-12-24,14.41,1.87,1.9
2018-12-26,14.49,1.88,1.89
2018-12-27,14.72,1.91,1.86
2018-12-28,14.57,1.9,1.9
2018-12-31,14.53,1.85,1.91
2019-01-01,14.55,1.85,1.91
2019-01-02,14.34,1.82,1.93
2019-01-03,14.11,1.79,1.97
2019-01-04,14.24,1.81,1.95
2019-01-07,14.33,1.82,1.93
2019-01-08,14.3,1.82,1.94
2019-01-09,14.26,1.81,1.94
2019-01-10,14.2,1.8,1.95
2019-01-11,14.13,1.8,1.96
2019-01-14,14.06,1.79,1.97
2019-01-15,14.36,1.82,1.93
2019-01-16,14.44,1.84,1.92
2019-01-17,14.46,1.84,1.92
2019-01-18,14.81,1.88,1.87
2019-01-21,15.17,1.93,1.83
2019-01-22,15.16,1.93,1.83
2019-01-23,15.06,1.91,1.84
2019-01-24,15.2,1.93,1.82
2019-01-25,15.18,1.93,1.83
2019-01-28,15.03,1.91,1.84
2019-01-29,14.83,1.89,1.87
2019-01-30,14.68,1.87,1.89
2019-01-31,15.0,1.91,1.85
2019-02-01,15.18,1.93,1.83
2019-02-04,15.43,1.96,1.8
2019-02-05,15.41,1.96,1.8
2019-02-06,15.61,1.98,1.78
2019-02-07,15.44,1.96,1.8
2019-02-08,15.22,1.93,1.82
2019-02-11,14.97,1.9,1.85
2019-02-12,15.01,1.91,1.85
2019-02-13,14.78,1.88,1.88
2019-02-14,14.73,1.85,1.91
2019-02-15,15.02,1.88,1.87
2019-02-18,14.83,1.86,1.89
2019-02-19,14.81,1.86,1.9
2019-02-20,15.09,1.89,1.86
2019-02-21,15.21,1.91,1.85
2019-02-22,15.19,1.96,1.85
2019-02-25,15.17,1.96,1.85
2019-02-26,15.1,1.95,1.86
2019-02-27,15.1,1.95,1.86
2019-02-28,15.23,1.96,1.85
2019-03-01,15.27,1.97,1.84
2019-03-05,15.82,2.0,1.81
2019-03-06,16.09,2.04,1.78
2019-03-07,16.07,2.03,1.78
2019-03-08,16.08,2.03,1.78
2019-03-11,16.52,2.09,1.73
2019-03-12,16.75,2.12,1.71
2019-03-13,16.8,2.13,1.7
2019-03-14,16.78,2.12,1.71
2019-03-15,16.81,2.13,1.7
2019-03-18,17.11,2.16,1.67
2019-03-19,17.38,2.2,1.65
2019-03-20,17.17,2.17,1.67
2019-03-22,16.92,2.14,1.69
2019-03-25,16.91,2.14,1.69
2019-03-26,17.32,2.19,1.65
2019-03-27,17.1,2.16,1.68
2019-03-28,17.15,2.17,1.67
2019-03-29,13.89,1.8,2.59
2019-04-01,13.94,1.81,2.59
2019-04-02,13.93,1.81,2.59
2019-04-03,13.7,1.78,2.63
2019-04-04,13.59,1.77,2.65
2019-04-05,13.63,1.77,2.64
2019-04-08,13.47,1.75,2.67
2019-04-09,13.54,1.76,2.66
2019-04-10,13.51,1.75,2.67
2019-04-11,13.62,1.77,2.65
2019-04-12,13.63,1.77,2.64
2019-04-15,13.58,1.76,2.65
2019-04-16,13.66,1.77,2.64
2019-04-18,13.77,1.79,2.62
2019-04-22,13.44,1.75,2.68
2019-04-23,13.5,1.75,2.67
2019-04-24,13.74,1.79,2.62
2019-04-25,13.69,1.78,2.63
2019-04-26,13.85,1.8,2.6
2019-04-30,13.91,1.81,2.59
2019-05-02,13.91,1.81,2.59
2019-05-03,13.97,1.81,2.58
2019-05-06,13.91,1.81,2.59
2019-05-07,13.68,1.78,2.63
2019-05-08,13.42,1.74,2.68
2019-05-09,13.18,1.71,2.73
2019-05-10,13.06,1.7,2.76
2019-05-13,12.79,1.66,2.82
2019-05-14,12.98,1.69,2.78
2019-05-15,12.88,1.67,2.8
2019-05-16,13.09,1.7,2.75
2019-05-17,13.1,1.7,2.75
2019-05-20,13.69,1.78,2.63
2019-05-21,13.3,1.76,2.66
2019-05-22,13.31,1.77,2.64
2019-05-23,13.27,1.77,2.65
2019-05-24,13.38,1.78,2.63
2019-05-27,13.48,1.79,2.61
2019-05-28,13.57,1.81,2.59
2019-05-29,13.43,1.79,2.62
2019-05-30,13.6,1.81,2.59
2019-05-31,13.63,1.81,2.58
2019-06-03,13.79,1.84,2.55
2019-06-04,13.69,1.82,2.57
2019-06-06,13.44,1.79,2.62
2019-06-07,13.35,1.78,2.63
2019-06-10,13.27,1.77,2.65
2019-06-11,13.35,1.78,2.63
2019-06-12,13.33,1.77,2.64
2019-06-13,13.34,1.77,2.64
2019-06-14,13.26,1.76,2.65
2019-06-17,12.99,1.72,2.71
2019-06-18,13.09,1.74,2.69
2019-06-19,13.07,1.74,2.69
2019-06-20,13.23,1.76,2.66
2019-06-21,13.12,1.74,2.68
2019-06-24,12.98,1.72,2.71
2019-06-25,13.24,1.76,2.66
2019-06-26,13.32,1.77,2.64
2019-06-27,13.28,1.76,2.65
2019-06-28,13.25,1.75,2.63
2019-07-01,13.18,1.74,2.64
2019-07-02,13.31,1.76,2.61
2019-07-03,13.35,1.77,2.61
2019-07-04,13.38,1.77,2.6
2019-07-05,13.06,1.73,2.66
2019-07-08,12.7,1.68,2.74
2019-07-09,12.87,1.7,2.7
2019-07-10,12.77,1.69,2.73
2019-07-11,12.84,1.7,2.71
2019-07-12,12.74,1.69,2.73
2019-07-15,12.72,1.68,2.74
2019-07-16,12.92,1.71,2.69
2019-07-17,12.81,1.69,2.72
2019-07-18,12.6,1.67,2.76
2019-07-19,12.57,1.66,2.77
2019-07-22,12.73,1.68,2.73
2019-07-23,12.76,1.69,2.73
2019-07-24,12.61,1.67,2.76
2019-07-25,12.43,1.64,2.8
2019-07-26,12.32,1.63,2.83
2019-07-29,12.19,1.61,2.86
2019-07-30,11.97,1.58,2.91
2019-07-31,12.02,1.59,2.9
2019-08-01,12.05,1.59,2.89
2019-08-02,11.92,1.58,2.92
2019-08-05,11.59,1.53,3.0
2019-08-06,11.57,1.53,3.01
2019-08-07,11.41,1.51,3.05
2019-08-08,11.82,1.54,2.98
2019-08-09,11.84,1.55,2.98
2019-08-13,12.24,1.58,2.92
2019-08-14,12.35,1.59,2.89
2019-08-16,12.38,1.59,2.89
2019-08-19,12.38,1.59,2.89
2019-08-20,12.25,1.58,2.92
2019-08-21,12.06,1.55,2.96
2019-08-22,11.79,1.52,3.03
2019-08-23,12.12,1.56,2.95
2019-08-26,12.22,1.57,2.93
2019-08-27,12.39,1.59,2.89
2019-08-28,12.25,1.58,2.92
2019-08-29,12.25,1.58,2.92
2019-08-30,12.2,1.5,3.27
2019-09-03,11.85,1.46,3.37
2019-09-04,11.92,1.46,3.35
2019-09-05,12.16,1.49,3.28
2019-09-06,12.38,1.52,3.23
2019-09-09,12.4,1.52,3.22
2019-09-11,12.37,1.52,3.23
2019-09-12,12.22,1.5,3.27
2019-09-13,12.49,1.53,3.2
2019-09-16,12.33,1.51,3.24
2019-09-17,12.16,1.49,3.28
2019-09-18,12.29,1.51,3.25
2019-09-19,12.12,1.49,3.3
2019-09-20,12.6,1.55,3.17
2019-09-23,12.72,1.56,3.14
2019-09-24,12.81,1.57,3.12
2019-09-25,13.32,1.58,3.1
2019-09-26,13.55,1.61,3.05
2019-09-27,12.45,1.69,3.03
2019-09-30,12.55,1.7,3.01
2019-10-01,12.46,1.69,3.03
2019-10-03,12.62,1.71,2.99
2019-10-04,12.57,1.7,3.0
2019-10-07,12.41,1.68,3.04
2019-10-09,12.52,1.7,3.01
2019-10-10,12.61,1.71,2.99
2019-10-11,12.56,1.7,3.01
2019-10-14,12.64,1.71,2.99
2019-10-15,12.78,1.73,2.95
2019-10-16,12.82,1.74,2.94
2019-10-17,12.93,1.75,2.92
2019-10-18,13.1,1.77,2.88
2019-10-22,13.17,1.78,2.87
2019-10-23,13.05,1.77,2.89
2019-10-24,13.05,1.77,2.89
2019-10-25,13.01,1.76,2.9
2019-10-27,13.04,1.77,2.89
2019-10-29,13.21,1.79,2.86
2019-10-30,13.33,1.8,2.83
2019-10-31,13.35,1.81,2.83
2019-11-01,13.54,1.8,2.85
2019-11-04,13.53,1.8,2.85
2019-11-05,13.39,1.78,2.86
2019-11-06,13.34,1.78,2.88
2019-11-07,13.33,1.78,2.88
2019-11-08,13.09,1.74,2.93
2019-11-11,13.11,1.75,2.93
2019-11-13,13.22,1.75,2.92
2019-11-14,13.17,1.74,2.93
2019-11-15,13.13,1.74,2.94
2019-11-18,13.15,1.74,2.94
2019-11-19,13.35,1.77,2.89
2019-11-20,13.38,1.79,2.85
2019-11-21,13.34,1.76,2.9
2019-11-22,13.45,1.78,2.87
2019-11-25,13.49,1.78,2.86
2019-11-26,13.41,1.77,2.88
2019-11-27,13.49,1.78,2.87
2019-11-28,13.57,1.79,2.85
2019-11-29,13.46,1.78,2.87
2019-12-02,13.48,1.78,2.87
2019-12-03,13.36,1.77,2.89
2019-12-04,13.29,1.76,2.91
2019-12-05,13.21,1.75,2.93
2019-12-06,13.11,1.73,2.95
2019-12-09,13.22,1.75,2.92
2019-12-10,13.0,1.72,2.97
2019-12-11,13.13,1.74,2.94
2019-12-12,13.22,1.75,2.92
2019-12-13,13.32,1.76,2.9
2019-12-16,13.28,1.75,2.92
2019-12-17,13.28,1.75,2.92
2019-12-18,13.27,1.75,2.92
2019-12-19,13.4,1.77,2.89
2019-12-20,13.37,1.76,2.9
2019-12-23,13.28,1.75,2.92
2019-12-24,13.19,1.74,2.94
2019-12-26,13.06,1.72,2.97
2019-12-27,12.45,1.65,3.24
2019-12-30,12.46,1.65,3.24
2019-12-31,12.42,1.64,3.25
2020-01-01,12.48,1.65,3.24
2020-01-02,12.59,1.66,3.21
2020-01-03,12.53,1.66,3.22
2020-01-06,12.28,1.62,3.29
2020-01-07,12.33,1.63,3.28
2020-01-08,12.23,1.62,3.3
2020-01-09,12.41,1.64,3.25
2020-01-10,12.44,1.65,3.25
2020-01-13,12.52,1.66,3.22
2020-01-14,12.53,1.66,3.22
2020-01-15,12.5,1.65,3.23
2020-01-16,12.47,1.65,3.24
2020-01-17,12.55,1.66,3.22
2020-01-20,12.34,1.64,3.26
2020-01-21,12.28,1.53,3.28
2020-01-22,12.09,1.51,3.33
2020-01-23,12.23,1.53,3.29
2020-01-24,12.2,1.52,3.3
2020-01-27,12.06,1.5,3.34
2020-01-28,11.96,1.49,3.37
2020-01-29,12.03,1.5,3.35
2020-01-30,11.93,1.48,3.39
2020-01-31,11.61,1.44,3.49
2020-02-01,11.29,1.4,3.59
2020-02-03,11.19,1.41,3.57
2020-02-04,11.49,1.45,3.46
2020-02-05,11.6,1.47,3.43
2020-02-06,11.61,1.48,3.4
2020-02-07,11.59,1.48,3.41
2020-02-10,11.36,1.46,3.44
2020-02-11,11.58,1.48,3.4
2020-02-12,11.58,1.48,3.4
2020-02-13,11.55,1.48,3.4
2020-02-14,11.44,1.46,3.44
2020-02-17,11.52,1.43,3.5
2020-02-18,11.5,1.43,3.51
2020-02-19,11.71,1.46,3.45
2020-02-20,11.65,1.45,3.46
2020-02-24,11.37,1.42,3.55
2020-02-25,11.24,1.4,3.59
2020-02-26,11.03,1.37,3.66
2020-02-27,10.94,1.36,3.69
2020-02-28,10.61,1.32,3.8
2020-03-02,10.43,1.3,3.87
2020-03-03,10.78,1.34,3.74
2020-03-04,10.79,1.34,3.74
2020-03-05,10.69,1.33,3.78
2020-03-06,10.37,1.29,3.89
2020-03-09,9.7,1.21,4.16
2020-03-11,9.64,1.2,4.18
2020-03-12,8.71,1.09,4.63
2020-03-13,9.11,1.14,4.43
2020-03-16,8.57,1.07,4.71
2020-03-17,8.52,1.06,4.73
2020-03-18,8.14,1.01,4.96
2020-03-19,7.86,0.97,5.08
2020-03-20,8.54,1.06,4.68
2020-03-23,7.66,0.95,5.21
2020-03-24,7.79,0.97,5.12
2020-03-25,8.21,1.02,4.86
2020-03-26,8.27,1.03,4.83
2020-03-27,8.26,1.02,4.83
2020-03-30,8.09,1.0,4.94
2020-03-31,8.65,1.07,4.62
2020-04-01,8.37,1.04,4.77
2020-04-03,8.46,1.05,4.72
2020-04-07,9.07,1.12,4.4
2020-04-08,9.08,1.13,4.4
2020-04-09,9.32,1.16,4.28
2020-04-13,9.2,1.14,4.34
2020-04-15,9.11,1.13,4.38
2020-04-16,9.31,1.15,4.29
2020-04-17,9.55,1.18,4.18
2020-04-20,9.64,1.2,4.14
2020-04-21,9.4,1.17,4.25
2020-04-22,9.71,1.2,4.11
2020-04-23,9.67,1.2,4.13
2020-04-24,9.72,1.21,4.11
2020-04-27,9.78,1.21,4.08
2020-04-28,9.75,1.21,4.09
2020-04-29,9.8,1.22,4.07
2020-04-30,10.23,1.27,3.9
2020-05-04,10.15,1.23,4.04
2020-05-05,10.29,1.24,3.98
2020-05-06,10.3,1.24,3.98
2020-05-07,10.23,1.24,4.0
2020-05-08,10.29,1.24,3.98
2020-05-11,10.3,1.25,3.98
2020-05-12,10.1,1.22,4.06
2020-05-13,10.26,1.24,3.99
2020-05-14,9.92,1.2,4.13
2020-05-15,10.02,1.21,4.09
2020-05-18,9.7,1.17,4.22
2020-05-19,9.73,1.18,4.21
2020-05-20,9.94,1.2,4.12
2020-05-21,9.94,1.2,4.12
2020-05-22,9.91,1.2,4.14
2020-05-26,9.95,1.2,4.12
2020-05-27,10.11,1.22,4.05
2020-05-28,10.21,1.23,4.01
2020-05-29,10.38,1.25,3.95
2020-06-01,10.61,1.28,3.86
2020-06-02,10.71,1.29,3.82
2020-06-03,10.74,1.3,3.81
2020-06-04,10.89,1.32,3.76
2020-06-05,11.65,1.34,3.7
2020-06-08,11.83,1.36,3.65
2020-06-09,11.63,1.33,3.71
2020-06-10,11.68,1.34,3.69
2020-06-11,11.5,1.32,3.75
2020-06-12,11.6,1.33,3.72
2020-06-15,11.56,1.33,3.73
2020-06-16,11.53,1.32,3.74
2020-06-17,11.5,1.32,3.75
2020-06-18,12.3,1.35,3.68
2020-06-19,12.75,1.4,3.55
2020-06-22,12.88,1.41,3.51
2020-06-23,12.99,1.42,3.47
2020-06-24,12.79,1.4,3.53
2020-06-25,12.7,1.39,3.55
2020-06-26,12.8,1.32,3.98
2020-06-29,12.59,1.29,4.04
2020-06-30,13.18,1.28,4.1
2020-07-01,13.25,1.28,4.08
2020-07-02,14.61,1.3,4.03
2020-07-03,14.75,1.31,3.99
2020-07-06,14.98,1.33,3.93
2020-07-07,14.68,1.3,4.02
2020-07-08,14.54,1.29,4.05
2020-07-09,14.6,1.3,4.04
2020-07-10,14.68,1.3,4.01
2020-07-13,14.82,1.32,3.98
2020-07-14,14.56,1.29,4.05
2020-07-15,14.29,1.27,4.13
2020-07-16,14.32,1.27,4.11
2020-07-17,14.92,1.33,3.95
2020-07-20,14.92,1.33,3.95
2020-07-21,15.44,1.37,3.82
2020-07-22,15.55,1.38,3.79
2020-07-23,15.78,1.4,3.73
2020-07-24,15.88,1.41,3.71
2020-07-27,15.88,1.41,3.71
2020-07-28,15.98,1.42,3.69
2020-07-29,15.72,1.4,3.75
2020-07-30,15.42,1.37,3.82
2020-07-31,15.24,1.36,3.85
2020-08-03,14.99,1.34,3.92
2020-08-04,15.65,1.37,3.83
2020-08-05,15.57,1.36,3.85
2020-08-06,15.65,1.37,3.83
2020-08-07,15.74,1.37,3.81
2020-08-10,15.76,1.38,3.8
2020-08-11,15.17,1.38,3.79
2020-08-12,15.13,1.38,3.79
2020-08-13,15.27,1.38,3.8
2020-08-14,15.23,1.37,3.83
2020-08-17,15.5,1.38,3.79
2020-08-18,15.55,1.39,3.77
2020-08-19,15.62,1.39,3.76
2020-08-20,15.87,1.42,3.7
2020-08-21,15.99,1.43,3.67
2020-08-24,15.98,1.43,3.67
2020-08-25,15.89,1.42,3.69
2020-08-26,16.02,1.43,3.66
2020-08-27,15.9,1.42,3.69
2020-08-28,15.88,1.42,3.69
2020-08-31,15.52,1.38,3.78
2020-09-01,15.58,1.39,3.76
2020-09-02,15.77,1.41,3.72
2020-09-03,16.79,1.4,3.75
2020-09-04,16.47,1.37,3.82
2020-09-07,16.39,1.36,3.84
2020-09-08,16.37,1.36,3.85
2020-09-09,16.4,1.36,3.84
2020-09-10,17.05,1.42,3.69
2020-09-11,17.02,1.41,3.7
2020-09-14,16.24,1.36,3.95
2020-09-15,16.31,1.34,3.44
2020-09-16,16.24,1.33,3.46
2020-09-17,16.1,1.32,3.49
2020-09-18,16.19,1.33,3.47
2020-09-21,15.77,1.3,3.56
2020-09-22,15.46,1.27,3.63
2020-09-23,15.35,1.26,3.66
2020-09-24,14.93,1.23,3.76
2020-09-25,15.9,1.31,3.54
2020-09-28,16.31,1.35,3.45
2020-09-29,16.27,1.35,3.45
2020-09-30,16.11,1.33,3.49
2020-10-01,16.14,1.33,3.48
2020-10-05,16.08,1.33,3.49
2020-10-06,16.05,1.33,3.5
2020-10-07,15.99,1.32,3.47
2020-10-08,15.85,1.31,3.5
2020-10-09,15.91,1.32,3.48
2020-10-12,15.82,1.31,3.5
2020-10-13,15.99,1.32,3.47
2020-10-14,15.82,1.31,3.5
2020-10-15,15.5,1.28,3.57
2020-10-16,15.61,1.29,3.55
2020-10-19,15.81,1.31,3.51
2020-10-20,15.58,1.29,3.56
2020-10-21,15.7,1.3,3.53
2020-10-22,15.86,1.31,3.5
2020-10-23,15.98,1.32,3.47
2020-10-26,15.67,1.3,3.54
2020-10-27,15.82,1.31,3.5
2020-10-28,15.75,1.3,3.52
2020-10-29,15.79,1.31,3.51
2020-10-30,15.91,1.33,3.45
2020-11-02,14.62,1.3,3.54
2020-11-03,14.54,1.29,3.56
2020-11-04,14.57,1.3,3.53
2020-11-05,14.96,1.33,3.44
2020-11-06,14.66,1.35,3.4
2020-11-09,14.96,1.37,3.34
2020-11-10,15.18,1.39,3.29
2020-11-11,15.24,1.4,3.28
2020-11-12,15.16,1.4,3.28
2020-11-13,15.28,1.41,3.26
2020-11-14,15.42,1.42,3.23
2020-11-17,15.14,1.41,3.25
2020-11-18,15.79,1.41,3.25
2020-11-19,15.83,1.42,3.24
2020-11-20,15.84,1.42,3.24
2020-11-23,16.28,1.46,3.15
2020-11-24,16.34,1.46,3.14
2020-11-25,16.26,1.45,3.15
2020-11-26,16.22,1.45,3.16
2020-11-27,16.13,1.44,3.18
2020-12-01,16.35,1.46,3.14
2020-12-02,16.57,1.48,3.1
2020-12-03,16.81,1.5,3.05
2020-12-04,16.8,1.5,3.05
2020-12-07,16.87,1.51,3.04
2020-12-08,16.84,1.51,3.05
2020-12-09,16.96,1.52,3.02
2020-12-10,16.8,1.5,3.05
2020-12-11,17.07,1.53,3.0
2020-12-14,17.22,1.54,2.98
2020-12-15,17.15,1.53,2.99
2020-12-16,17.25,1.54,2.97
2020-12-17,17.19,1.54,2.98
2020-12-18,17.1,1.53,3.0
2020-12-21,16.25,1.45,3.16
2020-12-22,16.44,1.47,3.12
2020-12-23,16.5,1.48,3.11
2020-12-24,16.73,1.5,3.07
2020-12-28,16.88,1.51,3.04
2020-12-29,16.77,1.5,3.06
2020-12-30,16.82,1.5,3.05
2020-12-31,16.79,1.5,3.05
