Date,Symbol,Series,Prev Close,Open,High,Low,Last,Close,VWAP,Volume,Turnover,Trades,Deliverable Volume,%Deliverble
2011-11-18,ICRA,EQ,887.35,909.9,971.9,875.0,878.0,879.6,883.44,947,83661600000.0,244,612,0.6463
2011-11-21,ICRA,EQ,879.6,880.0,901.9,872.5,872.5,875.95,884.39,2093,185103185000.0,193,1580,0.7549
2011-11-22,ICRA,EQ,875.95,885.05,888.85,872.5,878.05,874.75,876.24,987,86485060000.0,160,705,0.7143
2011-11-23,ICRA,EQ,874.75,870.0,882.0,870.0,870.1,872.4,871.55,1063,92645960000.0,104,895,0.8420000000000001
2011-11-24,ICRA,EQ,872.4,884.0,886.0,866.3,880.45,884.45,878.08,1679,147430010000.0,244,1220,0.7266
2011-11-25,ICRA,EQ,884.45,880.0,887.0,871.7,887.0,882.7,881.69,364,32093415000.000004,58,281,0.772
2011-11-28,ICRA,EQ,882.7,894.0,898.5,890.0,895.0,894.9,895.41,406,36353690000.0,42,343,0.8448000000000001
2011-11-29,ICRA,EQ,894.9,894.9,896.0,880.0,880.0,884.85,893.12,638,56981025000.0,102,467,0.7320000000000001
2011-11-30,ICRA,EQ,884.85,875.4,991.0,875.0,970.0,946.4,941.26,3337,314098500000.0,343,2453,0.7351000000000001
2011-12-01,ICRA,EQ,946.4,942.4,942.4,901.0,907.0,910.05,917.13,2647,242764860000.0,372,1354,0.5115
2011-12-02,ICRA,EQ,910.05,885.4,902.0,870.15,895.0,894.7,895.54,6786,607711340000.0,326,6079,0.8958
2011-12-05,ICRA,EQ,894.7,880.9,955.95,880.9,921.05,932.75,928.38,2988,277399815000.0,297,2128,0.7122
2011-12-07,ICRA,EQ,932.75,918.9,930.0,912.9,920.0,920.15,923.2,1966,181501100000.0,424,1347,0.6851
2011-12-08,ICRA,EQ,920.15,904.0,930.0,903.05,911.0,916.7,919.32,1233,113352639999.99998,131,837,0.6788
2011-12-09,ICRA,EQ,916.7,901.9,916.0,901.9,915.0,913.3,909.28,647,58830330000.00001,134,411,0.6352000000000001
2011-12-12,ICRA,EQ,913.3,901.0,905.9,874.0,880.0,884.75,890.32,2798,249110765000.0,194,2238,0.7998999999999999
2011-12-13,ICRA,EQ,884.75,876.1,898.0,868.0,868.0,871.2,880.44,1381,121589055000.0,326,974,0.7053
2011-12-14,ICRA,EQ,871.2,880.0,906.3,871.25,899.0,895.6,888.91,1601,142314295000.0,211,1126,0.7033
2011-12-15,ICRA,EQ,895.6,876.5,899.0,861.2,889.0,880.75,877.15,1520,133326135000.00002,213,901,0.5928
2011-12-16,ICRA,EQ,880.75,880.0,892.85,872.5,875.0,885.95,885.0,658,58233250000.0,109,323,0.49090000000000006
2011-12-19,ICRA,EQ,885.95,863.25,878.0,853.0,865.0,858.1,859.1,1286,110480455000.0,182,746,0.5801
2011-12-20,ICRA,EQ,858.1,888.0,888.0,828.05,835.0,835.2,847.51,57174,4845534040000.0,355,56073,0.9806999999999999
2011-12-21,ICRA,EQ,835.2,850.0,850.0,821.0,830.0,839.75,839.39,6650,558192445000.0,268,5988,0.9005
2011-12-22,ICRA,EQ,839.75,830.0,837.65,829.3,835.0,835.2,834.93,2525,210819085000.0,137,2161,0.8558
2011-12-23,ICRA,EQ,835.2,844.9,845.0,822.55,822.55,826.2,831.24,8597,714615935000.0,560,7723,0.8983
2011-12-26,ICRA,EQ,826.2,821.0,835.45,821.0,824.05,824.45,830.6,4610,382907885000.0,476,4017,0.8714000000000001
2011-12-27,ICRA,EQ,824.45,824.85,824.85,802.35,810.0,808.35,809.47,9619,778628100000.0,670,7891,0.8204000000000001
2011-12-28,ICRA,EQ,808.35,800.0,812.0,800.0,807.9,804.15,807.78,2985,241121765000.0,325,2333,0.7816
2011-12-29,ICRA,EQ,804.15,801.6,809.95,800.85,809.95,803.4,804.33,2421,194728920000.0,119,2278,0.9409000000000001
2011-12-30,ICRA,EQ,803.4,809.4,809.9,800.85,801.0,801.9,803.5,1134,91116930000.0,105,767,0.6764
2012-01-02,ICRA,EQ,801.9,805.0,855.0,801.0,840.05,844.75,830.84,1428,118644355000.0,274,782,0.5476
2012-01-03,ICRA,EQ,844.75,831.9,848.0,830.0,836.0,842.15,838.96,1065,89349620000.0,104,441,0.41409999999999997
2012-01-04,ICRA,EQ,842.15,840.7,843.0,828.0,832.2,830.6,837.86,1879,157434825000.0,64,1809,0.9627
2012-01-05,ICRA,EQ,830.6,822.0,838.4,803.25,808.0,814.8,829.26,1155,95779400000.0,122,900,0.7792
2012-01-06,ICRA,EQ,814.8,815.0,819.55,798.0,802.0,800.45,806.63,25414,2049977395000.0,369,24845,0.9776
2012-01-07,ICRA,EQ,800.45,800.0,844.95,800.0,844.95,834.3,820.24,880,72181185000.0,95,521,0.5920000000000001
2012-01-09,ICRA,EQ,834.3,832.0,832.0,801.5,805.0,804.65,809.7,3714,300723160000.0,237,2355,0.6341
2012-01-10,ICRA,EQ,804.65,804.0,819.0,793.0,798.0,804.35,800.91,371418,29747217339999.996,6035,334733,0.9012000000000001
2012-01-11,ICRA,EQ,804.35,808.9,830.4,801.0,803.2,808.05,815.37,35813,2920087090000.0,2142,19258,0.5377000000000001
2012-01-12,ICRA,EQ,808.05,812.0,845.4,812.0,835.0,838.5,833.14,19520,1626280360000.0,1548,11738,0.6013000000000001
2012-01-13,ICRA,EQ,838.5,840.0,844.9,830.0,837.5,835.1,841.61,5556,467598975000.0,859,4211,0.7579000000000001
2012-01-16,ICRA,EQ,835.1,826.9,848.25,826.9,847.5,846.2,842.96,13217,1114133725000.0,685,10546,0.7979
2012-01-17,ICRA,EQ,846.2,850.0,860.0,833.1,843.85,843.0,845.43,5285,446809430000.0,289,3833,0.7253000000000001
2012-01-18,ICRA,EQ,843.0,849.8,867.4,840.0,866.0,856.6,851.95,12041,1025835385000.0,606,6571,0.5457
2012-01-19,ICRA,EQ,856.6,851.95,877.0,851.95,868.0,872.95,868.17,3525,306028670000.0,323,1746,0.4953
2012-01-20,ICRA,EQ,872.95,875.0,898.75,865.0,885.0,887.85,879.72,13997,1231347115000.0,657,10079,0.7201000000000001
2012-01-23,ICRA,EQ,887.85,870.0,910.0,870.0,905.0,903.2,898.52,14469,1300068750000.0,669,7382,0.5102
2012-01-24,ICRA,EQ,903.2,903.0,928.0,895.1,904.2,900.55,915.87,10903,998574444999.9999,1006,4168,0.3823
2012-01-25,ICRA,EQ,900.55,897.0,919.0,897.0,905.0,907.5,907.74,3374,306270290000.0,272,2604,0.7718
2012-01-27,ICRA,EQ,907.5,908.1,947.0,905.15,935.2,939.65,926.11,12885,1193298765000.0,646,10384,0.8059000000000001
2012-01-30,ICRA,EQ,939.65,949.75,957.0,930.0,934.0,938.1,942.88,21710,2046992805000.0,1304,16450,0.7576999999999999
2012-01-31,ICRA,EQ,938.1,938.55,947.0,937.0,937.0,945.0,944.29,4632,437394009999.99994,217,3536,0.7634000000000001
2012-02-01,ICRA,EQ,945.0,935.9,940.0,931.3,932.35,936.5,938.07,6324,593237600000.0,512,5337,0.8439
2012-02-02,ICRA,EQ,936.5,933.0,960.0,933.0,948.0,948.7,949.18,11005,1044572569999.9999,349,7341,0.6670999999999999
2012-02-03,ICRA,EQ,948.7,950.1,1022.0,945.0,1003.5,1002.55,979.66,34577,3387370950000.0,2942,18286,0.5288
2012-02-06,ICRA,EQ,1002.55,1001.95,1001.95,941.5,950.0,950.7,955.62,30709,2934600775000.0,1621,19052,0.6204
2012-02-07,ICRA,EQ,950.7,959.9,980.0,925.0,941.45,941.75,952.37,31908,3038829665000.0,2279,16583,0.5197
2012-02-08,ICRA,EQ,941.75,959.9,979.0,952.0,960.0,960.55,965.0,18241,1760253880000.0,1454,11250,0.6167
2012-02-09,ICRA,EQ,960.55,962.0,997.0,951.0,980.0,984.75,978.02,24606,2406519720000.0,1036,17738,0.7209000000000001
2012-02-10,ICRA,EQ,984.75,997.4,1075.0,992.4,1004.95,1005.0,1017.21,81966,8337662025000.0,2852,65898,0.804
2012-02-13,ICRA,EQ,1005.0,1002.0,1025.0,1000.5,1005.2,1005.8,1012.71,7537,763282150000.0,414,5572,0.7393000000000001
2012-02-14,ICRA,EQ,1005.8,1005.0,1044.0,1000.1,1029.95,1026.6,1025.89,6706,687961180000.0,700,3532,0.5267000000000001
2012-02-15,ICRA,EQ,1026.6,1030.0,1074.7,1024.5,1063.0,1064.65,1037.3,139988,14520999794999.998,1457,134043,0.9575
2012-02-16,ICRA,EQ,1064.65,1065.0,1065.0,1035.0,1061.0,1058.5,1054.91,3962,417953510000.0,344,2301,0.5808
2012-02-17,ICRA,EQ,1058.5,1052.0,1080.0,1037.0,1059.0,1057.15,1051.6,14200,1493264965000.0,768,11267,0.7935
2012-02-21,ICRA,EQ,1057.15,1055.0,1115.0,1054.05,1073.1,1067.75,1083.3,13987,1515206430000.0,1055,9334,0.6673
2012-02-22,ICRA,EQ,1067.75,1095.0,1099.9,1070.0,1072.95,1070.35,1073.47,11809,1267660275000.0,570,10040,0.8502
2012-02-23,ICRA,EQ,1070.35,1060.1,1092.0,1060.0,1077.5,1071.85,1069.92,13082,1399667235000.0,1705,9704,0.7418000000000001
2012-02-24,ICRA,EQ,1071.85,1066.4,1085.0,1066.4,1070.0,1072.6,1071.55,2701,289424655000.0,160,2260,0.8367
2012-02-27,ICRA,EQ,1072.6,1077.9,1078.0,1060.0,1075.95,1071.3,1070.19,8635,924109835000.0,540,7167,0.8300000000000001
2012-02-28,ICRA,EQ,1071.3,1070.0,1116.9,1060.0,1085.65,1083.75,1087.76,3510,381802140000.0,468,1901,0.5416
2012-02-29,ICRA,EQ,1083.75,1089.0,1114.75,1083.0,1100.0,1099.8,1101.89,6141,676673485000.0,363,4020,0.6546
2012-03-01,ICRA,EQ,1099.8,1091.9,1111.0,1090.0,1090.0,1090.6,1093.57,4249,464657970000.0,323,2861,0.6733
2012-03-02,ICRA,EQ,1090.6,1092.05,1182.5,1092.05,1130.0,1133.35,1147.52,15905,1825126464999.9998,1503,9244,0.5811999999999999
2012-03-03,ICRA,EQ,1133.35,1166.0,1166.0,1113.15,1146.0,1130.3,1131.27,85,9615775000.0,21,76,0.8941
2012-03-05,ICRA,EQ,1130.3,1133.0,1136.0,1113.1,1129.95,1125.9,1129.36,4971,561407115000.0,554,4062,0.8170999999999999
2012-03-06,ICRA,EQ,1125.9,1130.0,1130.0,1085.0,1100.0,1099.5,1102.13,10268,1131670930000.0,598,9014,0.8779000000000001
2012-03-07,ICRA,EQ,1099.5,1081.9,1098.0,1080.0,1096.0,1094.7,1091.06,3059,333755385000.0,278,2409,0.7875
2012-03-09,ICRA,EQ,1094.7,1098.0,1099.0,1080.0,1092.0,1088.45,1089.0,5508,599820845000.0,769,4191,0.7609
2012-03-12,ICRA,EQ,1088.45,1087.05,1116.8,1087.05,1106.7,1105.7,1102.66,5427,598414785000.0,317,4219,0.7774
2012-03-13,ICRA,EQ,1105.7,1091.9,1149.9,1091.9,1120.0,1122.1,1119.3,4646,520029040000.00006,281,3661,0.788
2012-03-14,ICRA,EQ,1122.1,1121.9,1150.0,1075.0,1080.5,1088.65,1100.41,7054,776231700000.0,364,4938,0.7000000000000001
2012-03-15,ICRA,EQ,1088.65,1085.9,1099.5,1085.9,1094.0,1091.05,1092.14,892,97418565000.0,104,746,0.8362999999999999
2012-03-16,ICRA,EQ,1091.05,1129.9,1139.9,1090.0,1100.05,1100.45,1100.26,2882,317095400000.0,178,2168,0.7523000000000001
2012-03-19,ICRA,EQ,1100.45,1090.0,1112.0,1040.0,1075.0,1065.95,1070.34,6433,688547435000.0,595,4233,0.658
2012-03-20,ICRA,EQ,1065.95,1067.9,1079.45,1046.95,1051.1,1054.7,1057.36,431,45572235000.0,123,270,0.6265
2012-03-21,ICRA,EQ,1054.7,1045.0,1079.75,1045.0,1070.1,1076.45,1066.05,1360,144982830000.0,197,825,0.6066
2012-03-22,ICRA,EQ,1076.45,1061.9,1103.0,1061.9,1067.0,1076.8,1092.27,6509,710961715000.0,337,5541,0.8513
2012-03-23,ICRA,EQ,1076.8,1070.95,1097.95,1070.05,1090.0,1087.0,1086.18,1970,213977865000.0,157,1321,0.6706000000000001
2012-03-26,ICRA,EQ,1087.0,1066.45,1089.95,1061.0,1075.0,1075.95,1077.74,1625,175132165000.0,169,687,0.4228
2012-03-27,ICRA,EQ,1075.95,1073.9,1093.0,1071.9,1091.0,1087.45,1086.88,1585,172270965000.0,165,1176,0.742
2012-12-17,ICRA,EQ,1436.95,1539.0,1539.0,1422.0,1454.0,1451.35,1453.57,10610,1542237650000.0,906,8331,0.7852
2012-12-18,ICRA,EQ,1451.35,1455.0,1455.05,1430.0,1443.2,1441.0,1443.0,2803,404472015000.0,405,1209,0.4313
2012-12-19,ICRA,EQ,1441.0,1425.2,1490.0,1425.2,1473.0,1475.9,1462.04,13368,1954453560000.0002,781,10515,0.7866
2012-12-20,ICRA,EQ,1475.9,1444.0,1489.0,1427.8,1465.0,1468.9,1473.51,7257,1069323140000.0,544,2631,0.3625
2012-12-21,ICRA,EQ,1468.9,1450.05,1477.85,1450.0,1452.25,1462.7,1462.99,3808,557107780000.0,282,2591,0.6804000000000001
2012-12-24,ICRA,EQ,1462.7,1460.1,1480.6,1442.05,1460.0,1477.25,1471.18,6306,927724410000.0,404,4403,0.6981999999999999
2012-12-26,ICRA,EQ,1477.25,1495.0,1498.0,1421.0,1458.95,1453.45,1464.1,18039,2641092475000.0,1669,7673,0.4254
2012-12-27,ICRA,EQ,1453.45,1469.95,1470.0,1440.0,1452.0,1455.1,1454.43,2754,400549845000.0,363,1478,0.5367000000000001
2012-12-28,ICRA,EQ,1455.1,1432.0,1479.7,1432.0,1467.0,1465.9,1459.39,7691,1122417605000.0,838,6073,0.7896
2012-12-31,ICRA,EQ,1465.9,1453.0,1507.0,1441.0,1490.0,1485.55,1480.44,14976,2217101825000.0,887,11328,0.7564000000000001
2013-01-01,ICRA,EQ,1485.55,1478.45,1518.75,1460.0,1516.6,1488.25,1497.01,17650,2642230955000.0,1742,7360,0.41700000000000004
2013-01-02,ICRA,EQ,1488.25,1507.95,1515.0,1471.6,1473.0,1475.45,1487.87,2048,304715630000.0,280,1329,0.6489
2013-01-03,ICRA,EQ,1475.45,1487.05,1487.05,1440.1,1443.1,1451.25,1459.07,4361,636302375000.0,541,3418,0.7837999999999999
2013-01-04,ICRA,EQ,1451.25,1445.75,1465.0,1428.0,1465.0,1447.25,1443.34,2390,344958950000.0,357,1723,0.7209000000000001
2013-01-07,ICRA,EQ,1447.25,1455.05,1455.05,1424.0,1443.0,1447.45,1437.86,10087,1450367775000.0,654,5885,0.5834
2013-01-08,ICRA,EQ,1447.45,1432.05,1469.95,1432.05,1439.2,1443.0,1449.08,25548,3702118165000.0,340,24599,0.9629000000000001
2013-01-09,ICRA,EQ,1443.0,1434.05,1464.95,1416.6,1427.0,1431.95,1440.42,1272,183221595000.0,400,702,0.5519
2013-01-10,ICRA,EQ,1431.95,1437.0,1449.85,1405.0,1405.0,1412.9,1423.28,1393,198262435000.0,368,674,0.48380000000000006
2013-01-11,ICRA,EQ,1412.9,1412.9,1419.9,1382.2,1391.0,1396.15,1394.78,3014,420385750000.0,399,2063,0.6845
2013-01-14,ICRA,EQ,1396.15,1400.0,1464.65,1381.05,1400.0,1398.9,1410.3,5965,841245344999.9999,682,3551,0.5953
2013-01-15,ICRA,EQ,1398.9,1400.0,1454.6,1395.0,1419.0,1418.0,1417.78,14956,2120431935000.0002,801,12480,0.8344
2013-01-16,ICRA,EQ,1418.0,1425.05,1433.9,1390.0,1432.0,1418.85,1417.12,2557,362356745000.0,334,2000,0.7822
2013-01-17,ICRA,EQ,1418.85,1425.0,1455.95,1400.1,1440.2,1444.55,1442.04,3048,439532720000.0,706,1930,0.6332
2013-01-18,ICRA,EQ,1444.55,1455.95,1456.0,1423.2,1438.0,1444.9,1443.16,1863,268860840000.0,286,1347,0.723
2013-01-21,ICRA,EQ,1444.9,1430.0,1474.0,1424.0,1450.0,1448.2,1451.47,10446,1516203610000.0,567,9049,0.8663
2013-01-22,ICRA,EQ,1448.2,1440.0,1448.0,1425.0,1442.85,1434.2,1436.69,718,103154295000.0,170,388,0.5404
2013-01-23,ICRA,EQ,1434.2,1440.0,1444.75,1412.0,1412.0,1421.65,1429.92,1881,268967645000.00003,247,1307,0.6948000000000001
2013-01-24,ICRA,EQ,1421.65,1420.0,1449.7,1402.0,1439.0,1433.25,1425.17,2179,310544275000.0,400,1628,0.7471
2013-01-25,ICRA,EQ,1433.25,1440.0,1450.0,1425.05,1440.0,1440.05,1438.86,1996,287196550000.0,482,931,0.46640000000000004
2013-01-28,ICRA,EQ,1440.05,1401.0,1401.0,1353.95,1356.6,1360.1,1377.88,37527,5170779930000.0,1327,30551,0.8140999999999999
2013-01-29,ICRA,EQ,1360.1,1370.0,1379.9,1291.45,1293.0,1303.35,1327.01,7492,994195600000.0,659,4814,0.6426000000000001
2013-01-30,ICRA,EQ,1303.35,1312.0,1330.0,1281.0,1320.0,1301.95,1302.45,7161,932680900000.0,684,3550,0.49570000000000003
2013-01-31,ICRA,EQ,1301.95,1305.0,1305.0,1283.0,1291.5,1297.05,1295.93,3297,427268470000.0,286,2147,0.6512000000000001
2013-02-01,ICRA,EQ,1297.05,1294.1,1299.95,1270.0,1270.0,1275.85,1285.88,1530,196739240000.0,243,981,0.6412000000000001
2013-02-04,ICRA,EQ,1275.85,1275.0,1290.0,1251.05,1255.0,1258.1,1268.96,2495,316605455000.0,328,1219,0.4886
2013-02-05,ICRA,EQ,1258.1,1393.95,1393.95,1241.95,1265.6,1264.95,1255.61,4431,556362795000.0,210,3416,0.7709
2013-02-06,ICRA,EQ,1264.95,1268.0,1292.7,1265.0,1275.0,1272.65,1270.59,3161,401633995000.0,188,2378,0.7523000000000001
2013-02-07,ICRA,EQ,1272.65,1265.0,1293.5,1257.0,1265.0,1262.85,1262.04,2868,361952830000.0,168,2424,0.8452
2013-02-08,ICRA,EQ,1262.85,1279.85,1279.9,1259.2,1264.0,1266.55,1265.07,22640,2864116815000.0,150,22211,0.9811
2013-02-11,ICRA,EQ,1266.55,1254.0,1271.95,1254.0,1266.0,1265.15,1261.21,1549,195361565000.0,285,1263,0.8154000000000001
2013-02-12,ICRA,EQ,1265.15,1252.0,1265.0,1242.0,1242.0,1249.2,1256.95,2241,281681810000.0,208,1764,0.7870999999999999
2013-02-13,ICRA,EQ,1249.2,1236.95,1265.5,1200.05,1235.0,1243.0,1248.45,26841,3350952710000.0,438,25094,0.9349
2013-02-14,ICRA,EQ,1243.0,1241.0,1248.85,1225.2,1238.0,1239.4,1238.65,2459,304584650000.0,279,1362,0.5539000000000001
2013-02-15,ICRA,EQ,1239.4,1231.05,1273.0,1225.1,1250.3,1256.4,1251.41,1804,225754504999.99997,268,1186,0.6574
2013-02-18,ICRA,EQ,1256.4,1244.0,1275.0,1232.15,1273.9,1269.75,1267.94,2576,326620895000.0,222,1937,0.7519
2013-02-19,ICRA,EQ,1269.75,1269.95,1330.0,1255.0,1318.0,1305.65,1302.3,2440,317760515000.0,240,1838,0.7533
2013-02-20,ICRA,EQ,1305.65,1300.0,1319.95,1269.95,1275.0,1282.65,1297.08,3014,390939175000.0,656,1824,0.6052000000000001
2013-02-21,ICRA,EQ,1282.65,1279.9,1289.95,1241.05,1255.0,1268.2,1269.72,9092,1154429625000.0,777,6358,0.6993
2013-02-22,ICRA,EQ,1268.2,1268.0,1277.85,1250.0,1255.95,1268.95,1266.71,3468,439295390000.00006,423,2878,0.8299
2013-02-25,ICRA,EQ,1268.95,1262.05,1275.0,1232.3,1236.0,1240.55,1244.0,4270,531186395000.0,633,2822,0.6609
2013-02-26,ICRA,EQ,1240.55,1223.75,1249.6,1201.05,1243.95,1228.35,1222.41,4378,535171475000.0,826,2379,0.5434
2013-02-27,ICRA,EQ,1228.35,1216.0,1240.9,1207.0,1220.0,1219.85,1218.99,14416,1757289914999.9998,898,8194,0.5684
2013-02-28,ICRA,EQ,1219.85,1212.05,1219.8,1189.05,1189.05,1199.95,1203.48,1953,235039629999.99997,167,1502,0.7691
2013-03-01,ICRA,EQ,1199.95,1195.05,1208.45,1180.0,1198.0,1198.05,1193.44,1272,151805620000.0,219,724,0.5692
2013-03-04,ICRA,EQ,1198.05,1170.25,1192.0,1102.0,1159.0,1151.35,1136.1,9570,1087252350000.0,1109,3909,0.40850000000000003
2013-03-05,ICRA,EQ,1151.35,1141.3,1169.9,1141.3,1150.0,1148.55,1150.06,2847,327422630000.0,280,1990,0.6990000000000001
2013-03-06,ICRA,EQ,1148.55,1150.5,1160.0,1120.0,1120.0,1126.35,1132.23,11585,1311688180000.0,408,10273,0.8868
2013-03-07,ICRA,EQ,1126.35,1149.3,1150.0,1071.0,1090.0,1095.95,1108.53,9783,1084471194999.9999,1781,6420,0.6562
2013-03-08,ICRA,EQ,1095.95,1090.0,1114.75,1079.95,1085.5,1089.1,1101.73,12194,1343455460000.0,635,10349,0.8487
2013-03-11,ICRA,EQ,1089.1,1099.0,1104.9,1075.55,1075.55,1086.9,1098.64,3954,434400630000.0,287,3244,0.8204000000000001
2013-03-12,ICRA,EQ,1086.9,1081.0,1102.9,1081.0,1086.55,1089.0,1092.16,1907,208274840000.0,177,1438,0.7541
2013-03-13,ICRA,EQ,1089.0,1099.0,1122.0,1075.0,1075.0,1081.55,1084.9,4285,464879005000.0,139,3880,0.9055
2013-03-14,ICRA,EQ,1081.55,1084.9,1084.95,1052.3,1055.0,1060.75,1063.73,5043,536436834999.99994,460,3049,0.6046
2013-03-15,ICRA,EQ,1060.75,1051.0,1069.0,1048.8,1050.0,1050.4,1055.34,2884,304359995000.0,278,1671,0.5794
2013-03-18,ICRA,EQ,1050.4,1051.0,1070.0,1030.0,1061.0,1058.85,1052.91,2540,267438700000.0,296,1918,0.7551000000000001
2013-03-19,ICRA,EQ,1058.85,1053.0,1068.0,1049.7,1050.0,1050.0,1057.6,4690,496015050000.0,215,1381,0.2945
2013-03-20,ICRA,EQ,1050.0,1050.0,1065.0,1013.05,1035.0,1037.9,1042.98,4116,429289875000.0,359,2966,0.7206
2013-03-21,ICRA,EQ,1037.9,1035.5,1049.9,1010.1,1010.1,1026.7,1028.34,2437,250606925000.0,262,1819,0.7464000000000001
2013-03-22,ICRA,EQ,1026.7,1015.0,1029.55,986.1,1020.0,1011.15,1007.72,10515,1059618144999.9999,527,8627,0.8204000000000001
2013-03-25,ICRA,EQ,1011.15,1016.0,1048.25,995.0,1010.25,1017.6,1010.1,14995,1514642030000.0,1213,10993,0.7331000000000001
2013-03-26,ICRA,EQ,1017.6,1007.0,1030.0,995.0,1029.95,1006.35,1005.56,14986,1506929965000.0,679,11419,0.762
2013-03-28,ICRA,EQ,1006.35,1025.0,1048.0,989.9,1009.9,1009.9,1009.78,34437,3477365825000.0,1225,26221,0.7614000000000001
2013-04-01,ICRA,EQ,1009.9,1000.0,1048.85,1000.0,1042.0,1042.65,1034.59,914,94561250000.0,159,715,0.7823000000000001
2013-04-02,ICRA,EQ,1042.65,1050.0,1116.0,1046.45,1100.0,1104.75,1096.32,23353,2560231320000.0,1270,18541,0.7939
2013-04-03,ICRA,EQ,1104.75,1111.0,1130.15,1100.0,1110.0,1112.0,1110.45,56518,6276064990000.0,992,54146,0.958
2013-04-04,ICRA,EQ,1112.0,1092.0,1108.0,1036.1,1039.95,1065.95,1084.23,2581,279839495000.0,196,2166,0.8392000000000001
2013-04-05,ICRA,EQ,1065.95,1050.0,1067.8,1050.0,1051.15,1054.75,1055.45,2102,221855610000.0,179,1361,0.6475
2013-04-08,ICRA,EQ,1054.75,1073.0,1073.0,1045.0,1046.0,1054.55,1054.62,14402,1518861010000.0,288,13637,0.9469
2013-04-09,ICRA,EQ,1054.55,1053.0,1057.0,1030.0,1030.0,1032.0,1047.54,622,65157250000.0,83,495,0.7958
2013-04-10,ICRA,EQ,1032.0,1030.0,1044.75,1026.0,1033.0,1029.75,1029.97,2790,287360370000.0,121,2295,0.8226000000000001
2013-04-11,ICRA,EQ,1029.75,1031.0,1035.0,1020.0,1028.95,1029.15,1029.76,4413,454434009999.99994,220,3806,0.8625
2013-04-12,ICRA,EQ,1029.15,1030.0,1034.0,1022.1,1029.0,1029.45,1029.97,3076,316817500000.0,141,2979,0.9684999999999999
2013-04-15,ICRA,EQ,1029.45,1020.0,1037.0,1015.0,1024.85,1028.7,1030.58,1447,149124705000.0,157,1247,0.8618000000000001
2013-04-16,ICRA,EQ,1028.7,1025.0,1039.8,1010.95,1028.1,1031.85,1025.42,1999,204981780000.0,210,1619,0.8099
2013-04-17,ICRA,EQ,1031.85,1029.05,1050.0,1022.0,1024.0,1027.45,1040.01,25891,2692680980000.0,146,25642,0.9904000000000001
2013-04-18,ICRA,EQ,1027.45,1030.0,1030.0,1004.0,1004.0,1016.4,1018.41,2544,259084360000.0,203,1839,0.7229000000000001
2013-04-22,ICRA,EQ,1016.4,1018.1,1028.95,1010.0,1012.95,1018.15,1017.3,977,99390530000.0,105,597,0.6111
2013-04-23,ICRA,EQ,1018.15,1011.05,1030.0,1008.05,1015.0,1018.85,1019.94,3787,386251955000.0,210,3140,0.8292
2013-09-03,ICRA,EQ,1171.4,1185.0,1185.0,1156.0,1171.0,1167.25,1170.04,6536,764739300000.0,280,6079,0.9301
2013-09-04,ICRA,EQ,1167.25,1167.0,1198.0,1154.0,1190.0,1165.9,1165.42,6868,800409945000.0,338,6331,0.9218000000000001
2013-09-05,ICRA,EQ,1165.9,1185.0,1209.95,1166.8,1173.0,1170.5,1170.57,5716,669095490000.0,140,5174,0.9052
2013-09-06,ICRA,EQ,1170.5,1197.0,1200.0,1155.5,1200.0,1185.0,1171.83,12029,1409598350000.0,374,11251,0.9353
2013-09-10,ICRA,EQ,1185.0,1174.9,1181.4,1140.0,1141.0,1156.35,1158.72,5386,624085355000.0,610,3761,0.6983
2013-09-11,ICRA,EQ,1156.35,1156.0,1200.0,1151.0,1195.05,1175.75,1167.76,31842,3718380665000.0,5209,23423,0.7356
2013-09-12,ICRA,EQ,1175.75,1171.15,1214.45,1170.05,1175.5,1185.15,1180.0,31478,3714413579999.9995,4226,20171,0.6408
2013-09-13,ICRA,EQ,1185.15,1170.75,1179.95,1169.2,1170.0,1171.45,1171.56,9735,1140512235000.0,1939,5462,0.5611
2013-09-16,ICRA,EQ,1171.45,1172.05,1188.0,1140.05,1169.0,1153.25,1162.66,7738,899667450000.0,1052,4968,0.642
2013-09-17,ICRA,EQ,1153.25,1145.05,1162.0,1130.0,1130.0,1142.8,1145.11,4465,511291430000.0,251,3472,0.7776000000000001
2013-09-18,ICRA,EQ,1142.8,1121.0,1134.7,1101.05,1107.0,1115.85,1119.89,8551,957616725000.0,613,5868,0.6862
2013-09-19,ICRA,EQ,1115.85,1130.0,1160.0,1085.05,1130.0,1125.35,1118.45,12885,1441119620000.0,775,7500,0.5821000000000001
2013-09-20,ICRA,EQ,1125.35,1122.05,1198.0,1115.0,1189.0,1169.25,1137.59,7931,902220465000.0,318,7488,0.9440999999999999
2013-09-23,ICRA,EQ,1169.25,1155.15,1188.75,1139.8,1179.95,1165.9,1146.83,8011,918729144999.9999,318,6234,0.7782
2013-09-24,ICRA,EQ,1165.9,1168.95,1169.0,1135.0,1135.0,1150.9,1151.46,5316,612117355000.0,616,3078,0.579
2013-09-25,ICRA,EQ,1150.9,1142.0,1179.0,1142.0,1157.1,1160.15,1145.25,7177,821948025000.0,175,6446,0.8981
2013-09-26,ICRA,EQ,1160.15,1150.0,1160.0,1142.3,1143.0,1149.3,1150.39,5243,603150170000.0,325,4448,0.8484
2013-09-27,ICRA,EQ,1149.3,1145.7,1164.0,1142.0,1144.5,1149.35,1143.98,7639,873884990000.0,217,5840,0.7645000000000001
2013-09-30,ICRA,EQ,1149.35,1149.6,1186.0,1138.0,1180.0,1167.4,1157.16,14334,1658674475000.0,389,13058,0.9109999999999999
2013-10-01,ICRA,EQ,1167.4,1157.0,1169.9,1145.5,1145.5,1159.05,1158.57,1036,120028035000.00002,146,663,0.64
2013-10-03,ICRA,EQ,1159.05,1147.1,1174.95,1147.1,1156.6,1160.8,1165.93,1148,133848464999.99998,153,853,0.743
2013-10-04,ICRA,EQ,1160.8,1150.1,1169.95,1150.05,1160.0,1160.05,1159.23,712,82536960000.0,103,472,0.6629
2013-10-07,ICRA,EQ,1160.05,1160.1,1164.85,1159.4,1160.0,1159.7,1160.23,870,100940110000.0,52,578,0.6644
2013-10-08,ICRA,EQ,1159.7,1165.0,1169.0,1150.0,1155.5,1156.75,1162.53,1016,118112689999.99998,77,669,0.6585
2013-10-09,ICRA,EQ,1156.75,1157.0,1170.2,1157.0,1160.25,1165.05,1162.54,798,92770405000.0,63,644,0.807
2013-10-10,ICRA,EQ,1165.05,1157.15,1245.0,1157.15,1235.0,1226.9,1201.23,13294,1596920820000.0,885,9713,0.7306
2013-10-11,ICRA,EQ,1226.9,1192.05,1290.0,1192.05,1259.0,1256.45,1255.17,17500,2196548845000.0,944,12593,0.7195999999999999
2013-10-14,ICRA,EQ,1256.45,1210.5,1280.15,1210.5,1245.0,1258.9,1266.61,3943,499423709999.99994,447,1922,0.48740000000000006
2013-10-15,ICRA,EQ,1258.9,1250.0,1265.0,1221.55,1231.0,1248.95,1245.91,3019,376141140000.0,796,1081,0.35810000000000003
2013-10-17,ICRA,EQ,1248.95,1276.0,1276.0,1218.5,1231.25,1240.2,1237.47,5450,674423850000.0,655,3073,0.5639000000000001
2013-10-18,ICRA,EQ,1240.2,1235.0,1245.0,1215.0,1237.95,1225.35,1228.85,25001,3072248280000.0,252,23985,0.9594
2013-10-21,ICRA,EQ,1225.35,1220.0,1240.0,1209.85,1230.0,1233.95,1229.78,3813,468915170000.0,439,2124,0.557
2013-10-22,ICRA,EQ,1233.95,1212.0,1230.0,1205.05,1218.35,1215.3,1220.43,3732,455464865000.00006,219,2759,0.7393000000000001
2013-10-23,ICRA,EQ,1215.3,1199.3,1230.0,1177.0,1206.0,1210.95,1205.59,8194,987861440000.0,1074,4346,0.5304
2013-10-24,ICRA,EQ,1210.95,1209.0,1260.05,1194.15,1229.0,1236.9,1249.8,25749,3218111000000.0,788,23139,0.8986000000000001
2013-10-25,ICRA,EQ,1236.9,1205.0,1250.0,1205.0,1228.0,1233.7,1233.09,1322,163014165000.0,214,727,0.5499
2013-10-28,ICRA,EQ,1233.7,1212.45,1292.8,1212.45,1285.0,1278.75,1270.94,6824,867292219999.9999,1052,2721,0.3987
2013-10-29,ICRA,EQ,1278.75,1255.6,1289.85,1255.6,1274.0,1280.4,1273.15,3247,413392900000.0,247,2464,0.7589
2013-10-30,ICRA,EQ,1280.4,1265.35,1315.0,1265.35,1281.0,1294.15,1298.1,3617,469521505000.0,479,2560,0.7078
2013-10-31,ICRA,EQ,1294.15,1291.0,1322.95,1283.1,1305.0,1304.15,1300.07,6355,826196740000.0,507,3705,0.583
2013-11-01,ICRA,EQ,1304.15,1313.95,1313.95,1292.0,1300.0,1302.45,1300.58,7216,938501240000.0,310,6371,0.8829000000000001
2013-11-03,ICRA,EQ,1302.45,1315.95,1338.95,1312.85,1330.05,1331.5,1328.14,3531,468965605000.0,247,2486,0.7040000000000001
2013-11-05,ICRA,EQ,1331.5,1335.0,1375.0,1322.8,1350.0,1347.6,1349.68,7734,1043840350000.0,878,5720,0.7395999999999999
2013-11-06,ICRA,EQ,1347.6,1325.0,1351.0,1303.25,1303.25,1313.55,1339.06,4929,660020480000.0,377,3751,0.761
2013-11-07,ICRA,EQ,1313.55,1319.75,1323.0,1283.0,1309.0,1300.55,1303.44,2699,351797395000.0,226,1926,0.7136
2013-11-08,ICRA,EQ,1300.55,1321.0,1340.0,1280.05,1307.0,1313.05,1307.57,2118,276942380000.0,159,1716,0.8102
2013-11-11,ICRA,EQ,1313.05,1315.45,1327.0,1301.0,1324.0,1318.6,1316.71,2035,267950745000.00003,276,899,0.4418
2013-11-12,ICRA,EQ,1318.6,1328.0,1345.0,1311.0,1319.0,1331.15,1330.03,6941,923171944999.9999,472,5415,0.7801
2013-11-13,ICRA,EQ,1331.15,1313.4,1369.0,1299.95,1367.0,1355.75,1338.23,9490,1269984125000.0,535,7326,0.772
2013-11-14,ICRA,EQ,1355.75,1348.2,1463.7,1348.2,1440.0,1422.35,1421.89,52117,7410476555000.0,2212,27087,0.5197
2013-11-18,ICRA,EQ,1422.35,1449.0,1499.0,1433.25,1475.0,1482.8,1476.71,38983,5756669440000.0,2545,27559,0.7069
2013-11-19,ICRA,EQ,1482.8,1482.8,1499.0,1471.2,1492.0,1487.05,1485.28,10832,1608852815000.0,806,8567,0.7909
2013-11-20,ICRA,EQ,1487.05,1490.0,1550.0,1490.0,1550.0,1536.45,1529.16,116223,17772402120000.0,3229,101667,0.8748
2013-11-21,ICRA,EQ,1536.45,1540.0,1694.0,1520.0,1605.0,1622.2,1620.84,173794,28169211400000.0,11155,87919,0.5059
2013-11-22,ICRA,EQ,1622.2,1629.8,1660.0,1550.0,1650.0,1630.55,1604.86,66580,10685174825000.0,5522,25347,0.38070000000000004
2013-11-25,ICRA,EQ,1630.55,1618.0,1650.0,1555.0,1599.0,1614.2,1612.37,37939,6117176550000.0,2492,20809,0.5485
2013-11-26,ICRA,EQ,1614.2,1575.1,1601.1,1474.0,1482.0,1500.65,1559.21,40273,6279419725000.0,7134,21649,0.5376
2013-11-27,ICRA,EQ,1500.65,1518.0,1660.0,1475.0,1589.8,1590.95,1595.15,51207,8168302220000.0,6577,22591,0.4412
2013-11-28,ICRA,EQ,1590.95,1589.75,1640.0,1563.1,1574.0,1581.0,1603.82,15000,2405732515000.0,2439,3867,0.25780000000000003
2013-11-29,ICRA,EQ,1581.0,1589.95,1607.6,1541.05,1556.95,1566.1,1576.59,5373,847101250000.0,657,2191,0.4078
2013-12-02,ICRA,EQ,1566.1,1569.0,1569.0,1525.0,1545.0,1540.15,1543.29,4317,666236550000.0,657,2111,0.489
2013-12-03,ICRA,EQ,1540.15,1535.15,1569.85,1510.0,1518.0,1518.35,1536.56,5666,870613565000.0,710,2928,0.5168
2013-12-04,ICRA,EQ,1518.35,1516.0,1605.85,1513.6,1517.05,1526.35,1567.54,15572,2440972765000.0,1779,5712,0.3668
2013-12-05,ICRA,EQ,1526.35,1538.0,1565.0,1489.9,1544.0,1539.75,1532.67,9522,1459406605000.0,1111,4663,0.4897
2013-12-06,ICRA,EQ,1539.75,1550.0,1574.0,1515.0,1550.0,1539.8,1546.32,6462,999232125000.0,925,2098,0.3247
2013-12-09,ICRA,EQ,1539.8,1550.0,1614.85,1530.55,1556.0,1557.8,1553.6,3383,525584225000.0,378,1817,0.5371
2013-12-10,ICRA,EQ,1557.8,1533.0,1568.0,1521.05,1531.1,1547.55,1543.01,2732,421549365000.00006,336,1277,0.46740000000000004
2013-12-11,ICRA,EQ,1547.55,1547.9,1596.9,1547.9,1590.0,1586.75,1575.49,10067,1586041875000.0,803,6071,0.6031000000000001
2013-12-12,ICRA,EQ,1586.75,1583.0,1587.0,1535.0,1563.0,1568.65,1564.02,2902,453879150000.0,371,1264,0.43560000000000004
2013-12-13,ICRA,EQ,1568.65,1553.05,1575.0,1525.05,1526.0,1548.4,1551.26,1579,244943700000.0,259,865,0.5478000000000001
2013-12-16,ICRA,EQ,1548.4,1545.05,1545.05,1522.4,1540.0,1537.35,1536.39,1643,252428210000.0,298,724,0.44070000000000004
2013-12-17,ICRA,EQ,1537.35,1525.05,1559.95,1525.05,1552.0,1552.6,1549.58,2513,389408695000.0,296,1376,0.5476
2013-12-18,ICRA,EQ,1552.6,1555.0,1572.0,1543.0,1559.9,1553.8,1553.74,3962,615593675000.0,335,2225,0.5616
2013-12-19,ICRA,EQ,1553.8,1546.95,1598.0,1528.35,1580.0,1564.9,1558.51,2762,430459890000.00006,338,1559,0.5644
2013-12-20,ICRA,EQ,1564.9,1555.55,1599.0,1550.05,1599.0,1578.15,1572.15,6258,983852269999.9999,480,3036,0.4851
2013-12-23,ICRA,EQ,1578.15,1580.0,1585.0,1569.1,1582.0,1582.55,1581.35,3186,503817640000.00006,221,1860,0.5838
2013-12-24,ICRA,EQ,1582.55,1562.05,1600.0,1562.05,1583.0,1591.3,1588.59,6863,1090251310000.0,377,2968,0.4325
2013-12-26,ICRA,EQ,1591.3,1565.1,1625.0,1500.1,1620.0,1614.35,1578.57,14723,2324129760000.0,958,4117,0.2796
2013-12-27,ICRA,EQ,1614.35,1585.3,1614.95,1572.0,1595.0,1587.55,1588.72,5349,849808525000.0,521,2592,0.48460000000000003
2013-12-30,ICRA,EQ,1587.55,1580.05,1587.95,1557.05,1557.05,1569.95,1568.94,5844,916889955000.0001,407,3956,0.6769
2013-12-31,ICRA,EQ,1569.95,1571.95,1655.0,1550.0,1636.0,1637.2,1621.92,39731,6444050715000.0,3571,13706,0.34500000000000003
2014-01-01,ICRA,EQ,1637.2,1640.0,1649.9,1582.55,1585.05,1599.1,1603.49,12698,2036110035000.0002,1245,5885,0.4635
2014-01-02,ICRA,EQ,1599.1,1601.0,1623.95,1552.0,1552.0,1563.85,1582.64,4161,658535345000.0,587,2287,0.5496
2014-01-03,ICRA,EQ,1563.85,1551.05,1559.9,1515.0,1520.0,1524.1,1527.57,8306,1268796960000.0,846,4834,0.5820000000000001
2014-01-06,ICRA,EQ,1524.1,1515.0,1595.5,1500.05,1575.0,1551.3,1531.38,10910,1670732260000.0,689,7796,0.7145999999999999
2014-01-07,ICRA,EQ,1551.3,1572.95,1577.95,1530.0,1539.0,1542.05,1552.06,1308,203009985000.0,277,819,0.6261
2014-01-08,ICRA,EQ,1542.05,1525.05,1604.5,1525.05,1600.0,1591.4,1570.23,9134,1434251025000.0,742,5974,0.654
2014-01-09,ICRA,EQ,1591.4,1591.0,1598.3,1560.0,1571.05,1584.2,1583.16,10027,1587431620000.0,380,8336,0.8314
2014-01-10,ICRA,EQ,1584.2,1577.15,1645.0,1577.15,1583.15,1592.7,1600.21,9940,1590610035000.0,1104,5354,0.5386
2015-02-09,ICRA,EQ,3299.95,3449.9,3449.9,3289.95,3300.0,3297.5,3299.36,2115,697814355000.0,164,1768,0.8359000000000001
2015-02-10,ICRA,EQ,3297.5,3282.7,3320.0,3282.7,3300.05,3308.05,3301.78,1740,574508945000.0,876,1466,0.8425
2015-02-11,ICRA,EQ,3308.05,3286.5,3330.0,3282.15,3320.0,3313.9,3313.11,830,274988225000.0,232,271,0.3265
2015-02-12,ICRA,EQ,3313.9,3313.9,3469.5,3299.95,3454.85,3406.15,3355.15,1783,598224095000.0,241,1057,0.5928
2015-02-13,ICRA,EQ,3406.15,3472.0,3918.6,3368.3,3644.0,3643.95,3674.32,16890,6205929995000.0,2300,8188,0.48479999999999995
2015-02-16,ICRA,EQ,3643.95,3015.0,3828.0,3015.0,3648.0,3636.35,3638.72,6555,2385178470000.0,437,4727,0.7211
2015-02-18,ICRA,EQ,3636.35,3650.95,3700.0,3551.2,3599.95,3571.6,3612.98,2270,820145400000.0,427,1253,0.552
2015-02-19,ICRA,EQ,3571.6,3603.95,3734.8,3443.0,3700.0,3553.8,3543.95,5745,2035999410000.0002,638,4602,0.8009999999999999
2015-02-20,ICRA,EQ,3553.8,3600.0,3750.0,3565.0,3650.0,3673.1,3663.71,4284,1569533865000.0,737,2865,0.6688
2015-02-23,ICRA,EQ,3673.1,3777.3,3777.3,3580.0,3700.0,3658.95,3648.48,7132,2602094810000.0,1409,4601,0.6451000000000001
2015-02-24,ICRA,EQ,3658.95,3621.35,3697.15,3618.8,3625.15,3667.05,3658.23,2861,1046620535000.0,1056,1535,0.5365
2015-02-25,ICRA,EQ,3667.05,3659.45,3723.0,3650.0,3723.0,3690.85,3679.76,1470,540924120000.0,347,1043,0.7095
2015-02-26,ICRA,EQ,3690.85,3661.7,3700.05,3651.0,3700.0,3694.8,3681.03,2021,743935955000.0,341,1110,0.5492
2015-02-27,ICRA,EQ,3694.8,3698.6,3850.0,3690.0,3840.0,3778.15,3758.89,2075,779969675000.0,440,1249,0.6019
2015-02-28,ICRA,EQ,3778.15,3864.95,3887.95,3717.0,3810.0,3822.65,3798.91,1945,738888540000.0,636,941,0.48380000000000006
2015-03-02,ICRA,EQ,3822.65,3823.0,3850.0,3780.0,3831.0,3842.95,3831.63,3324,1273634180000.0,702,2361,0.7103
2015-03-03,ICRA,EQ,3842.95,3825.85,3874.0,3803.55,3821.0,3852.3,3847.5,4071,1566317760000.0,552,3273,0.804
2015-03-04,ICRA,EQ,3852.3,3844.45,4049.65,3825.15,3880.0,3883.9,3902.71,3858,1505665685000.0,699,2411,0.6249
2015-03-05,ICRA,EQ,3883.9,3894.8,3995.0,3837.0,3912.45,3939.9,3955.92,1714,678043855000.0,599,782,0.4562
2015-03-09,ICRA,EQ,3939.9,3949.75,3985.0,3900.05,3911.0,3930.1,3941.82,881,347274050000.0,536,199,0.2259
2015-03-10,ICRA,EQ,3930.1,3979.95,3979.95,3850.05,3900.0,3872.15,3884.62,1565,607943140000.0,645,627,0.4006
2015-03-11,ICRA,EQ,3872.15,3929.0,3943.0,3852.05,3899.4,3879.7,3888.95,1986,772344685000.0,687,970,0.48840000000000006
2015-03-12,ICRA,EQ,3879.7,3940.0,4020.05,3856.15,3990.0,3941.65,3920.49,2599,1018935835000.0,467,2111,0.8122
2015-03-13,ICRA,EQ,3941.65,3941.65,4000.05,3900.0,3901.15,3978.35,3969.67,2551,1012662580000.0001,606,1250,0.49
2015-03-16,ICRA,EQ,3978.35,4002.0,4002.0,3920.0,4000.0,3980.05,3958.89,1909,755751240000.0,639,870,0.4557
2015-03-17,ICRA,EQ,3980.05,3984.5,4020.0,3940.5,4020.0,3986.65,3984.58,4326,1723729930000.0,435,3779,0.8736
2015-03-18,ICRA,EQ,3986.65,4023.35,4122.0,3971.15,4079.95,4048.45,4073.8,3483,1418904250000.0,813,2228,0.6397
2015-03-19,ICRA,EQ,4048.45,4121.0,4121.0,3969.95,3990.0,3993.95,4022.07,801,322167870000.0,267,538,0.6717000000000001
2015-03-20,ICRA,EQ,3993.95,3978.4,4079.0,3956.0,4000.0,3995.4,3993.95,1605,641029760000.0,334,1034,0.6442
2015-03-23,ICRA,EQ,3995.4,4065.0,4065.0,3959.1,4000.0,3987.0,3988.81,4283,1708406100000.0,532,2063,0.4817
2015-03-24,ICRA,EQ,3987.0,3990.0,4029.7,3951.25,4029.7,4000.75,3980.78,792,315277660000.0,166,413,0.5215
2015-03-25,ICRA,EQ,4000.75,3995.0,4032.05,3971.5,4000.0,3996.05,3992.54,1232,491880715000.00006,289,789,0.6404000000000001
2015-03-26,ICRA,EQ,3996.05,3985.95,4033.95,3971.0,4025.0,3994.5,3990.7,751,299701410000.0,254,325,0.4328
2015-03-27,ICRA,EQ,3994.5,4039.0,4103.0,3970.1,3980.0,3990.2,3990.49,2268,905042235000.0,384,1234,0.5441
2015-03-30,ICRA,EQ,3990.2,3915.0,4024.95,3915.0,4000.0,4000.4,3998.64,1268,507027515000.00006,95,1137,0.8967
2015-03-31,ICRA,EQ,4000.4,4012.4,4015.0,3985.0,4012.0,4009.2,4003.58,251,100489855000.0,146,92,0.3665
2015-04-01,ICRA,EQ,4009.2,4044.0,4150.0,3990.1,4138.0,4112.35,4079.57,2644,1078637730000.0001,648,1400,0.5295000000000001
2015-04-06,ICRA,EQ,4112.35,4190.0,4260.0,4165.15,4213.0,4194.75,4230.79,4431,1874665225000.0,473,3707,0.8366
2015-04-07,ICRA,EQ,4194.75,4195.05,4195.05,4150.0,4173.65,4173.45,4169.25,744,310192230000.0,165,446,0.5995
2015-04-08,ICRA,EQ,4173.45,4260.0,4319.0,4161.15,4310.0,4240.0,4233.07,4518,1912501325000.0,736,3739,0.8276000000000001
2015-04-09,ICRA,EQ,4240.0,4319.0,4548.0,4270.0,4515.0,4466.6,4440.56,4824,2142125339999.9998,929,2256,0.46770000000000006
2015-04-10,ICRA,EQ,4466.6,4506.75,4998.9,4506.75,4722.0,4688.65,4802.4,14388,6909691580000.0,3207,4877,0.33899999999999997
2015-04-13,ICRA,EQ,4688.65,4712.0,4800.05,4712.0,4799.0,4783.3,4773.63,2963,1414426905000.0,650,1163,0.3925
2015-04-15,ICRA,EQ,4783.3,4849.75,4849.75,4675.0,4680.0,4709.8,4745.81,2924,1387674055000.0,544,1767,0.6043000000000001
2015-04-16,ICRA,EQ,4709.8,4709.8,4825.0,4544.1,4820.0,4744.35,4672.67,4821,2252694840000.0,827,2835,0.5881000000000001
2015-04-17,ICRA,EQ,4744.35,4799.95,4910.0,4655.0,4799.9,4716.85,4771.18,5957,2842192030000.0,1778,2874,0.4825
2015-04-20,ICRA,EQ,4716.85,4800.0,4800.0,4640.05,4701.15,4709.85,4704.11,4402,2070747980000.0,659,3511,0.7976000000000001
2015-04-21,ICRA,EQ,4709.85,4779.95,4779.95,4579.2,4629.05,4629.05,4627.81,2780,1286532535000.0,807,1801,0.6478
2015-04-22,ICRA,EQ,4629.05,4665.05,4688.8,4421.3,4640.0,4611.75,4578.51,2428,1111661890000.0,680,1197,0.493
2015-04-23,ICRA,EQ,4611.75,4844.0,4844.0,4560.05,4700.0,4659.55,4728.0,11163,5277862825000.0,1040,3607,0.32310000000000005
2015-04-24,ICRA,EQ,4659.55,4660.0,4715.0,4523.0,4550.05,4634.7,4641.6,4693,2178305064999.9998,935,2903,0.6186
2015-04-27,ICRA,EQ,4634.7,4555.1,4698.9,4380.0,4460.0,4436.8,4441.94,3429,1523140200000.0,914,1674,0.4882
2015-04-28,ICRA,EQ,4436.8,4460.0,4544.6,4325.05,4525.0,4466.9,4425.99,1697,751090295000.0,514,717,0.4225
2015-04-29,ICRA,EQ,4466.9,4469.3,4568.2,4381.0,4381.15,4421.55,4435.43,4065,1803001075000.0,652,2496,0.614
2015-04-30,ICRA,EQ,4421.55,4387.45,4570.0,4217.0,4500.0,4389.3,4325.37,5107,2208967115000.0,1263,1907,0.37340000000000007
2015-05-04,ICRA,EQ,4389.3,4425.25,4455.0,4390.0,4450.0,4446.25,4439.44,2174,965134450000.0,376,1265,0.5819
2015-05-05,ICRA,EQ,4446.25,4500.0,4500.0,4373.95,4400.0,4429.45,4425.38,3585,1586498655000.0,629,2184,0.6092000000000001
2015-05-06,ICRA,EQ,4429.45,4485.0,4485.0,4270.0,4289.0,4298.35,4309.42,2527,1088990535000.0,694,1467,0.5805
2015-05-07,ICRA,EQ,4298.35,4365.0,4385.0,4175.0,4280.0,4294.95,4279.47,2624,1122932070000.0,716,1274,0.4855
2015-05-08,ICRA,EQ,4294.95,4250.05,4429.0,4155.05,4352.8,4304.05,4261.01,7536,3211094340000.0,1499,3835,0.5089
2015-05-11,ICRA,EQ,4304.05,4364.25,4424.0,4310.0,4320.05,4376.05,4359.01,3860,1682576695000.0,918,2156,0.5585
2015-05-12,ICRA,EQ,4376.05,4334.05,4389.9,4230.0,4290.0,4298.2,4287.08,5194,2226711355000.0,894,2577,0.4961
2015-05-13,ICRA,EQ,4298.2,4254.95,4325.05,4210.0,4267.2,4279.2,4274.77,3222,1377330665000.0,520,2089,0.6484000000000001
2015-05-14,ICRA,EQ,4279.2,4310.0,4310.0,4150.1,4185.0,4188.7,4193.65,5679,2381575955000.0,851,2934,0.5166
2015-05-15,ICRA,EQ,4188.7,4166.65,4200.0,4155.0,4155.0,4179.45,4175.34,2004,836737340000.0,414,1266,0.6317
2015-05-18,ICRA,EQ,4179.45,4179.95,4218.2,4128.6,4128.6,4170.6,4164.29,4928,2052161125000.0,1212,3029,0.6147
2015-05-19,ICRA,EQ,4170.6,4165.0,4187.4,4105.05,4125.0,4144.0,4141.11,3543,1467194475000.0,682,1819,0.5134000000000001
2015-05-20,ICRA,EQ,4144.0,4157.95,4200.05,4055.1,4060.0,4143.5,4142.99,3733,1546576620000.0,618,2521,0.6753
2015-05-21,ICRA,EQ,4143.5,4120.0,4174.9,4052.6,4160.0,4115.8,4101.87,3182,1305214565000.0,582,1922,0.604
2015-05-22,ICRA,EQ,4115.8,4170.0,4255.0,4035.05,4110.0,4136.6,4132.19,8247,3407819850000.0,1780,4026,0.4882
2015-05-25,ICRA,EQ,4136.6,4128.65,4197.0,4070.0,4170.0,4166.05,4163.95,1038,432217695000.0,656,737,0.71
2015-05-26,ICRA,EQ,4166.05,4156.4,4205.0,4082.0,4130.0,4160.8,4146.02,2909,1206076295000.0,611,1932,0.6641
2015-05-27,ICRA,EQ,4160.8,4159.8,4190.05,4100.0,4121.0,4170.6,4134.66,5332,2204599440000.0,504,4186,0.7851
2015-05-28,ICRA,EQ,4170.6,4165.0,4275.0,4116.05,4190.0,4209.15,4197.34,2669,1120270665000.0,318,2112,0.7913
2015-05-29,ICRA,EQ,4209.15,4192.95,4249.4,4140.0,4170.0,4209.6,4204.29,3668,1542132000000.0,431,3021,0.8236
2015-06-01,ICRA,EQ,4209.6,4230.0,4242.55,4145.0,4175.0,4210.8,4198.03,2157,905514465000.0,573,1108,0.5136999999999999
2015-06-02,ICRA,EQ,4210.8,4179.0,4207.0,4165.05,4185.0,4184.5,4187.03,2967,1242292295000.0,268,2557,0.8618000000000001
2015-06-03,ICRA,EQ,4184.5,4162.35,4200.0,3951.05,4087.0,4117.25,4092.57,7853,3213893285000.0,1537,3370,0.4291
2015-06-04,ICRA,EQ,4117.25,4149.95,4195.0,4001.0,4185.0,4180.55,4148.68,1916,794887380000.0,429,1126,0.5877
2015-06-05,ICRA,EQ,4180.55,4140.85,4200.0,4132.25,4191.55,4197.0,4190.07,2123,889551115000.0,303,1687,0.7946
2015-06-08,ICRA,EQ,4197.0,4175.25,4196.0,4150.05,4195.0,4193.25,4188.24,2462,1031145060000.0,539,1913,0.777
2015-06-09,ICRA,EQ,4193.25,4170.05,4195.0,4154.05,4171.25,4183.7,4173.81,1821,760049975000.0,377,972,0.5338
2015-06-10,ICRA,EQ,4183.7,4198.7,4304.75,4112.75,4200.0,4204.65,4193.12,3474,1456688805000.0,720,1706,0.4911
2015-06-11,ICRA,EQ,4204.65,4192.45,4249.9,4150.0,4157.0,4200.8,4196.99,2467,1035397940000.0,269,2027,0.8216
2015-06-12,ICRA,EQ,4200.8,4163.8,4205.0,4160.05,4182.05,4199.5,4194.36,2106,883331450000.0,395,1360,0.6458
2015-06-15,ICRA,EQ,4199.5,4200.0,4210.0,4139.95,4200.0,4199.5,4199.92,3837,1611510660000.0,620,2912,0.7589
2015-06-16,ICRA,EQ,4199.5,4190.2,4205.0,4136.0,4190.0,4177.4,4178.73,1714,716234270000.0,299,1014,0.5916
2015-06-17,ICRA,EQ,4177.4,4224.95,4224.95,4171.0,4200.0,4199.2,4199.55,1425,598436175000.0,314,1071,0.7515999999999999
2015-06-18,ICRA,EQ,4199.2,4200.0,4214.05,4140.05,4160.0,4178.8,4178.57,3299,1378511695000.0,561,1840,0.5577000000000001
2015-06-19,ICRA,EQ,4178.8,4178.35,4199.0,4160.1,4197.0,4191.35,4188.65,805,337186610000.0,425,611,0.7590000000000001
